ID,dteday,season,year,Month,is_holiday,weekdaynum,is_workingday,weathersituation,atemp_normalized,humidity_normalized,windspeed_normalized,total_rental
A1,01-01-2011,1,0,1,0,6,0,2,0.363625,0.805833,0.160446,985
A2,02-01-2011,1,0,1,0,0,0,2,0.353739,0.696087,0.248539,801
A3,03-01-2011,1,0,1,0,1,1,1,0.189405,0.437273,0.248309,1349
A4,04-01-2011,1,0,1,0,2,1,1,0.212122,0.590435,0.160296,1562
A5,05-01-2011,1,0,1,0,3,1,1,0.22927,0.436957,0.1869,1600
A6,06-01-2011,1,0,1,0,4,1,1,0.233209,0.518261,0.0895652,1606
A7,07-01-2011,1,0,1,0,5,1,2,0.208839,0.498696,0.168726,1510
A8,08-01-2011,1,0,1,0,6,0,2,0.162254,0.535833,0.266804,959
A9,09-01-2011,1,0,1,0,0,0,1,0.116175,0.434167,0.36195,822
A10,10-01-2011,1,0,1,0,1,1,1,0.150888,0.482917,0.223267,1321
A11,11-01-2011,1,0,1,0,2,1,2,0.191464,0.686364,0.122132,1263
A12,12-01-2011,1,0,1,0,3,1,1,0.160473,0.599545,0.304627,1162
A13,13-01-2011,1,0,1,0,4,1,1,0.150883,0.470417,0.301,1406
A14,14-01-2011,1,0,1,0,5,1,1,0.188413,0.537826,0.126548,1421
A15,15-01-2011,1,0,1,0,6,0,2,0.248112,0.49875,0.157963,1248
A16,16-01-2011,1,0,1,0,0,0,1,0.234217,0.48375,0.188433,1204
A17,17-01-2011,1,0,1,1,1,0,2,0.176771,0.5375,0.194017,1000
A18,18-01-2011,1,0,1,0,2,1,2,0.232333,0.861667,0.146775,683
A19,19-01-2011,1,0,1,0,3,1,2,0.298422,0.741739,0.208317,1650
A20,20-01-2011,1,0,1,0,4,1,2,0.25505,0.538333,0.195904,1927
A21,21-01-2011,1,0,1,0,5,1,1,0.157833,0.457083,0.353242,1543
A22,22-01-2011,1,0,1,0,6,0,1,0.0790696,0.4,0.17197,981
A23,23-01-2011,1,0,1,0,0,0,1,0.0988391,0.436522,0.2466,986
A24,24-01-2011,1,0,1,0,1,1,1,0.11793,0.491739,0.15833,1416
A25,25-01-2011,1,0,1,0,2,1,2,0.234526,0.616957,0.129796,1985
A26,26-01-2011,1,0,1,0,3,1,3,0.2036,0.8625,0.29385,506
A27,27-01-2011,1,0,1,0,4,1,1,0.2197,0.6875,0.113837,431
A28,28-01-2011,1,0,1,0,5,1,2,0.223317,0.793043,0.1233,1167
A29,29-01-2011,1,0,1,0,6,0,1,0.212126,0.651739,0.145365,1098
A30,30-01-2011,1,0,1,0,0,0,1,0.250322,0.722174,0.0739826,1096
A31,31-01-2011,1,0,1,0,1,1,2,0.18625,0.60375,0.187192,1501
A32,01-02-2011,1,0,2,0,2,1,2,0.23453,0.829565,0.053213,1360
A33,02-02-2011,1,0,2,0,3,1,2,0.254417,0.775417,0.264308,1526
A34,03-02-2011,1,0,2,0,4,1,1,0.177878,0.437826,0.277752,1550
A35,04-02-2011,1,0,2,0,5,1,2,0.228587,0.585217,0.127839,1708
A36,05-02-2011,1,0,2,0,6,0,2,0.243058,0.929167,0.161079,1005
A37,06-02-2011,1,0,2,0,0,0,1,0.291671,0.568333,0.1418,1623
A38,07-02-2011,1,0,2,0,1,1,1,0.303658,0.738333,0.0454083,1712
A39,08-02-2011,1,0,2,0,2,1,1,0.198246,0.537917,0.36195,1530
A40,09-02-2011,1,0,2,0,3,1,2,0.144283,0.494783,0.188839,1605
A41,10-02-2011,1,0,2,0,4,1,1,0.149548,0.437391,0.221935,1538
A42,11-02-2011,1,0,2,0,5,1,1,0.213509,0.506364,0.10855,1746
A43,12-02-2011,1,0,2,0,6,0,1,0.232954,0.544167,0.203367,1472
A44,13-02-2011,1,0,2,0,0,0,1,0.324113,0.457391,0.260883,1589
A45,14-02-2011,1,0,2,0,1,1,1,0.39835,0.375833,0.417908,1913
A46,15-02-2011,1,0,2,0,2,1,1,0.254274,0.314348,0.291374,1815
A47,16-02-2011,1,0,2,0,3,1,1,0.3162,0.423478,0.251791,2115
A48,17-02-2011,1,0,2,0,4,1,1,0.428658,0.505,0.230104,2475
A49,18-02-2011,1,0,2,0,5,1,1,0.511983,0.516667,0.264925,2927
A50,19-02-2011,1,0,2,0,6,0,1,0.391404,0.187917,0.507463,1635
A51,20-02-2011,1,0,2,0,0,0,1,0.27733,0.407826,0.223235,1812
A52,21-02-2011,1,0,2,1,1,0,2,0.284075,0.605,0.307846,1107
A53,22-02-2011,1,0,2,0,2,1,1,0.186033,0.577778,0.195683,1450
A54,23-02-2011,1,0,2,0,3,1,1,0.245717,0.423043,0.094113,1917
A55,24-02-2011,1,0,2,0,4,1,2,0.289191,0.697391,0.250496,1807
A56,25-02-2011,1,0,2,0,5,1,2,0.350461,0.712174,0.346539,1461
A57,26-02-2011,1,0,2,0,6,0,1,0.282192,0.537917,0.186571,1969
A58,27-02-2011,1,0,2,0,0,0,1,0.351109,0.68,0.125248,2402
A59,28-02-2011,1,0,2,0,1,1,2,0.400118,0.876364,0.289686,1446
A60,01-03-2011,1,0,3,0,2,1,1,0.263879,0.535,0.216425,1851
A61,02-03-2011,1,0,3,0,3,1,1,0.320071,0.449583,0.307833,2134
A62,03-03-2011,1,0,3,0,4,1,1,0.200133,0.318333,0.225754,1685
A63,04-03-2011,1,0,3,0,5,1,2,0.255679,0.610417,0.203346,1944
A64,05-03-2011,1,0,3,0,6,0,2,0.378779,0.789167,0.251871,2077
A65,06-03-2011,1,0,3,0,0,0,2,0.366252,0.948261,0.343287,605
A66,07-03-2011,1,0,3,0,1,1,1,0.238461,0.551304,0.341352,1872
A67,08-03-2011,1,0,3,0,2,1,1,0.3024,0.420833,0.12065,2133
A68,09-03-2011,1,0,3,0,3,1,2,0.286608,0.775417,0.22015,1891
A69,10-03-2011,1,0,3,0,4,1,3,0.385668,0,0.261877,623
A70,11-03-2011,1,0,3,0,5,1,2,0.305,0.649565,0.23297,1977
A71,12-03-2011,1,0,3,0,6,0,1,0.32575,0.594583,0.220775,2132
A72,13-03-2011,1,0,3,0,0,0,1,0.380091,0.527391,0.270604,2417
A73,14-03-2011,1,0,3,0,1,1,1,0.332,0.496957,0.136926,2046
A74,15-03-2011,1,0,3,0,2,1,2,0.318178,0.655652,0.184309,2056
A75,16-03-2011,1,0,3,0,3,1,2,0.36693,0.776522,0.203117,2192
A76,17-03-2011,1,0,3,0,4,1,1,0.410333,0.602917,0.209579,2744
A77,18-03-2011,1,0,3,0,5,1,1,0.527009,0.525217,0.231017,3239
A78,19-03-2011,1,0,3,0,6,0,1,0.466525,0.379167,0.368167,3117
A79,20-03-2011,1,0,3,0,0,0,1,0.32575,0.47375,0.207721,2471
A80,21-03-2011,2,0,3,0,1,1,2,0.409735,0.737391,0.288783,2077
A81,22-03-2011,2,0,3,0,2,1,1,0.440642,0.624583,0.22575,2703
A82,23-03-2011,2,0,3,0,3,1,2,0.337939,0.839565,0.234261,2121
A83,24-03-2011,2,0,3,0,4,1,2,0.270833,0.805833,0.243787,1865
A84,25-03-2011,2,0,3,0,5,1,1,0.256312,0.495,0.230725,2210
A85,26-03-2011,2,0,3,0,6,0,1,0.257571,0.394167,0.209571,2496
A86,27-03-2011,2,0,3,0,0,0,2,0.250339,0.493913,0.1843,1693
A87,28-03-2011,2,0,3,0,1,1,1,0.257574,0.302174,0.212204,2028
A88,29-03-2011,2,0,3,0,2,1,1,0.292908,0.314167,0.226996,2425
A89,30-03-2011,2,0,3,0,3,1,2,0.29735,0.646667,0.172888,1536
A90,31-03-2011,2,0,3,0,4,1,3,0.257575,0.918333,0.217646,1685
A91,01-04-2011,2,0,4,0,5,1,2,0.283454,0.68625,0.258708,2227
A92,02-04-2011,2,0,4,0,6,0,2,0.315637,0.65375,0.197146,2252
A93,03-04-2011,2,0,4,0,0,0,1,0.378767,0.48,0.182213,3249
A94,04-04-2011,2,0,4,0,1,1,1,0.542929,0.42625,0.385571,3115
A95,05-04-2011,2,0,4,0,2,1,2,0.39835,0.642083,0.388067,1795
A96,06-04-2011,2,0,4,0,3,1,1,0.387608,0.470833,0.263063,2808
A97,07-04-2011,2,0,4,0,4,1,1,0.433696,0.602917,0.162312,3141
A98,08-04-2011,2,0,4,0,5,1,2,0.324479,0.83625,0.226992,1471
A99,09-04-2011,2,0,4,0,6,0,2,0.341529,0.8775,0.133083,2455
A100,10-04-2011,2,0,4,0,0,0,2,0.426737,0.8575,0.146767,2895
A101,11-04-2011,2,0,4,0,1,1,2,0.565217,0.716956,0.324474,3348
A102,12-04-2011,2,0,4,0,2,1,2,0.493054,0.739167,0.274879,2034
A103,13-04-2011,2,0,4,0,3,1,2,0.417283,0.819167,0.250617,2162
A104,14-04-2011,2,0,4,0,4,1,1,0.462742,0.540417,0.1107,3267
A105,15-04-2011,2,0,4,1,5,0,1,0.441913,0.67125,0.226375,3126
A106,16-04-2011,2,0,4,0,6,0,3,0.425492,0.888333,0.340808,795
A107,17-04-2011,2,0,4,0,0,0,1,0.445696,0.479583,0.303496,3744
A108,18-04-2011,2,0,4,0,1,1,1,0.503146,0.5425,0.163567,3429
A109,19-04-2011,2,0,4,0,2,1,2,0.489258,0.665833,0.157971,3204
A110,20-04-2011,2,0,4,0,3,1,1,0.564392,0.614167,0.241925,3944
A111,21-04-2011,2,0,4,0,4,1,1,0.453892,0.407083,0.325258,4189
A112,22-04-2011,2,0,4,0,5,1,2,0.321954,0.729583,0.219521,1683
A113,23-04-2011,2,0,4,0,6,0,2,0.450121,0.887917,0.230725,4036
A114,24-04-2011,2,0,4,0,0,0,2,0.551763,0.810833,0.192175,4191
A115,25-04-2011,2,0,4,0,1,1,1,0.5745,0.776667,0.185333,4073
A116,26-04-2011,2,0,4,0,2,1,1,0.594083,0.729167,0.3265,4400
A117,27-04-2011,2,0,4,0,3,1,2,0.575142,0.835417,0.3122,3872
A118,28-04-2011,2,0,4,0,4,1,2,0.578929,0.700833,0.320908,4058
A119,29-04-2011,2,0,4,0,5,1,1,0.497463,0.457083,0.240063,4595
A120,30-04-2011,2,0,4,0,6,0,1,0.464021,0.503333,0.235075,5312
A121,01-05-2011,2,0,5,0,0,0,2,0.448204,0.762083,0.106354,3351
A122,02-05-2011,2,0,5,0,1,1,2,0.532833,0.73,0.183454,4401
A123,03-05-2011,2,0,5,0,2,1,2,0.582079,0.697083,0.342667,4451
A124,04-05-2011,2,0,5,0,3,1,2,0.40465,0.737083,0.328996,2633
A125,05-05-2011,2,0,5,0,4,1,1,0.441917,0.444167,0.295392,4433
A126,06-05-2011,2,0,5,0,5,1,1,0.474117,0.59,0.228246,4608
A127,07-05-2011,2,0,5,0,6,0,1,0.512621,0.54125,0.16045,4714
A128,08-05-2011,2,0,5,0,0,0,1,0.518933,0.631667,0.0746375,4333
A129,09-05-2011,2,0,5,0,1,1,1,0.525246,0.58875,0.176,4362
A130,10-05-2011,2,0,5,0,2,1,1,0.522721,0.489167,0.115671,4803
A131,11-05-2011,2,0,5,0,3,1,1,0.5284,0.632917,0.120642,4182
A132,12-05-2011,2,0,5,0,4,1,1,0.523363,0.7475,0.189667,4864
A133,13-05-2011,2,0,5,0,5,1,2,0.4943,0.863333,0.179725,4105
A134,14-05-2011,2,0,5,0,6,0,2,0.500629,0.9225,0.13495,3409
A135,15-05-2011,2,0,5,0,0,0,2,0.536,0.867083,0.152979,4553
A136,16-05-2011,2,0,5,0,1,1,1,0.550512,0.787917,0.126871,3958
A137,17-05-2011,2,0,5,0,2,1,2,0.538529,0.837917,0.277354,4123
A138,18-05-2011,2,0,5,0,3,1,2,0.527158,0.87,0.201492,3855
A139,19-05-2011,2,0,5,0,4,1,2,0.510742,0.829583,0.108213,4575
A140,20-05-2011,2,0,5,0,5,1,1,0.529042,0.719583,0.125013,4917
A141,21-05-2011,2,0,5,0,6,0,1,0.571975,0.626667,0.12065,5805
A142,22-05-2011,2,0,5,0,0,0,1,0.5745,0.749583,0.148008,4660
A143,23-05-2011,2,0,5,0,1,1,2,0.590296,0.81,0.233842,4274
A144,24-05-2011,2,0,5,0,2,1,2,0.604813,0.740833,0.207092,4492
A145,25-05-2011,2,0,5,0,3,1,1,0.615542,0.69625,0.154233,4978
A146,26-05-2011,2,0,5,0,4,1,1,0.654688,0.6775,0.199642,4677
A147,27-05-2011,2,0,5,0,5,1,1,0.637008,0.65375,0.240679,4679
A148,28-05-2011,2,0,5,0,6,0,1,0.612379,0.729583,0.230092,4758
A149,29-05-2011,2,0,5,0,0,0,1,0.61555,0.81875,0.213938,4788
A150,30-05-2011,2,0,5,1,1,0,1,0.671092,0.685,0.131225,4098
A151,31-05-2011,2,0,5,0,2,1,1,0.725383,0.636667,0.111329,3982
A152,01-06-2011,2,0,6,0,3,1,2,0.720967,0.677083,0.207092,3974
A153,02-06-2011,2,0,6,0,4,1,1,0.643942,0.305,0.292287,4968
A154,03-06-2011,2,0,6,0,5,1,1,0.587133,0.354167,0.253121,5312
A155,04-06-2011,2,0,6,0,6,0,1,0.594696,0.45625,0.123142,5342
A156,05-06-2011,2,0,6,0,0,0,2,0.616804,0.6525,0.138692,4906
A157,06-06-2011,2,0,6,0,1,1,1,0.621858,0.6,0.121896,4548
A158,07-06-2011,2,0,6,0,2,1,1,0.65595,0.597917,0.187808,4833
A159,08-06-2011,2,0,6,0,3,1,1,0.727279,0.622083,0.136817,4401
A160,09-06-2011,2,0,6,0,4,1,2,0.757579,0.568333,0.149883,3915
A161,10-06-2011,2,0,6,0,5,1,1,0.703292,0.605,0.140554,4586
A162,11-06-2011,2,0,6,0,6,0,1,0.678038,0.654583,0.15485,4966
A163,12-06-2011,2,0,6,0,0,0,1,0.643325,0.747917,0.163567,4460
A164,13-06-2011,2,0,6,0,1,1,1,0.601654,0.494583,0.30535,5020
A165,14-06-2011,2,0,6,0,2,1,1,0.591546,0.507083,0.269283,4891
A166,15-06-2011,2,0,6,0,3,1,1,0.587754,0.471667,0.167912,5180
A167,16-06-2011,2,0,6,0,4,1,2,0.595346,0.688333,0.206471,3767
A168,17-06-2011,2,0,6,0,5,1,1,0.600383,0.735833,0.143029,4844
A169,18-06-2011,2,0,6,0,6,0,1,0.643954,0.670417,0.119408,5119
A170,19-06-2011,2,0,6,0,0,0,2,0.645846,0.666667,0.102,4744
A171,20-06-2011,2,0,6,0,1,1,2,0.595346,0.74625,0.155475,4010
A172,21-06-2011,3,0,6,0,2,1,2,0.637646,0.770417,0.171025,4835
A173,22-06-2011,3,0,6,0,3,1,1,0.693829,0.7075,0.172262,4507
A174,23-06-2011,3,0,6,0,4,1,2,0.693833,0.703333,0.238804,4790
A175,24-06-2011,3,0,6,0,5,1,1,0.656583,0.573333,0.222025,4991
A176,25-06-2011,3,0,6,0,6,0,1,0.643313,0.483333,0.209571,5202
A177,26-06-2011,3,0,6,0,0,0,1,0.637629,0.513333,0.0945333,5305
A178,27-06-2011,3,0,6,0,1,1,2,0.637004,0.658333,0.107588,4708
A179,28-06-2011,3,0,6,0,2,1,1,0.692558,0.634167,0.144283,4648
A180,29-06-2011,3,0,6,0,3,1,1,0.654688,0.497917,0.261821,5225
A181,30-06-2011,3,0,6,0,4,1,1,0.637008,0.434167,0.185312,5515
A182,01-07-2011,3,0,7,0,5,1,1,0.652162,0.39625,0.102608,5362
A183,02-07-2011,3,0,7,0,6,0,1,0.667308,0.444583,0.115062,5119
A184,03-07-2011,3,0,7,0,0,0,2,0.668575,0.6825,0.228858,4649
A185,04-07-2011,3,0,7,1,1,0,2,0.665417,0.637917,0.0814792,6043
A186,05-07-2011,3,0,7,0,2,1,1,0.696338,0.590417,0.126258,4665
A187,06-07-2011,3,0,7,0,3,1,1,0.685633,0.743333,0.149883,4629
A188,07-07-2011,3,0,7,0,4,1,1,0.686871,0.65125,0.1592,4592
A189,08-07-2011,3,0,7,0,5,1,2,0.670483,0.757917,0.225129,4040
A190,09-07-2011,3,0,7,0,6,0,1,0.664158,0.609167,0.167912,5336
A191,10-07-2011,3,0,7,0,0,0,1,0.690025,0.578333,0.183471,4881
A192,11-07-2011,3,0,7,0,1,1,1,0.729804,0.635833,0.282337,4086
A193,12-07-2011,3,0,7,0,2,1,1,0.739275,0.559167,0.200254,4258
A194,13-07-2011,3,0,7,0,3,1,1,0.689404,0.631667,0.146133,4342
A195,14-07-2011,3,0,7,0,4,1,1,0.635104,0.47625,0.240667,5084
A196,15-07-2011,3,0,7,0,5,1,1,0.624371,0.59125,0.182833,5538
A197,16-07-2011,3,0,7,0,6,0,1,0.638263,0.585,0.208342,5923
A198,17-07-2011,3,0,7,0,0,0,1,0.669833,0.604167,0.245033,5302
A199,18-07-2011,3,0,7,0,1,1,1,0.703925,0.65125,0.215804,4458
A200,19-07-2011,3,0,7,0,2,1,1,0.747479,0.650417,0.1306,4541
A201,20-07-2011,3,0,7,0,3,1,1,0.74685,0.707083,0.113817,4332
A202,21-07-2011,3,0,7,0,4,1,2,0.826371,0.69125,0.222021,3784
A203,22-07-2011,3,0,7,0,5,1,1,0.840896,0.580417,0.1331,3387
A204,23-07-2011,3,0,7,0,6,0,1,0.804287,0.5,0.131221,3285
A205,24-07-2011,3,0,7,0,0,0,1,0.794829,0.550833,0.169171,3606
A206,25-07-2011,3,0,7,0,1,1,1,0.720958,0.757083,0.0908083,3840
A207,26-07-2011,3,0,7,0,2,1,1,0.696979,0.540833,0.200258,4590
A208,27-07-2011,3,0,7,0,3,1,1,0.690667,0.402917,0.183463,4656
A209,28-07-2011,3,0,7,0,4,1,1,0.7399,0.583333,0.178479,4390
A210,29-07-2011,3,0,7,0,5,1,1,0.785967,0.5425,0.174138,3846
A211,30-07-2011,3,0,7,0,6,0,1,0.728537,0.465833,0.168537,4475
A212,31-07-2011,3,0,7,0,0,0,1,0.729796,0.480833,0.164813,4302
A213,01-08-2011,3,0,8,0,1,1,1,0.703292,0.550833,0.156717,4266
A214,02-08-2011,3,0,8,0,2,1,1,0.707071,0.49125,0.20585,4845
A215,03-08-2011,3,0,8,0,3,1,2,0.679937,0.6575,0.135583,3574
A216,04-08-2011,3,0,8,0,4,1,2,0.664788,0.7575,0.19715,4576
A217,05-08-2011,3,0,8,0,5,1,1,0.656567,0.630833,0.184696,4866
A218,06-08-2011,3,0,8,0,6,0,2,0.676154,0.755,0.22825,4294
A219,07-08-2011,3,0,8,0,0,0,1,0.715292,0.752917,0.201487,3785
A220,08-08-2011,3,0,8,0,1,1,1,0.703283,0.592083,0.192175,4326
A221,09-08-2011,3,0,8,0,2,1,1,0.724121,0.570417,0.151121,4602
A222,10-08-2011,3,0,8,0,3,1,1,0.684983,0.424167,0.200258,4780
A223,11-08-2011,3,0,8,0,4,1,1,0.651521,0.42375,0.164796,4792
A224,12-08-2011,3,0,8,0,5,1,1,0.654042,0.415,0.125621,4905
A225,13-08-2011,3,0,8,0,6,0,2,0.645858,0.729583,0.211454,4150
A226,14-08-2011,3,0,8,0,0,0,2,0.624388,0.8175,0.222633,3820
A227,15-08-2011,3,0,8,0,1,1,1,0.616167,0.712083,0.208954,4338
A228,16-08-2011,3,0,8,0,2,1,1,0.645837,0.578333,0.236329,4725
A229,17-08-2011,3,0,8,0,3,1,1,0.666671,0.575417,0.143667,4694
A230,18-08-2011,3,0,8,0,4,1,1,0.662258,0.654583,0.233208,3805
A231,19-08-2011,3,0,8,0,5,1,2,0.633221,0.722917,0.139308,4153
A232,20-08-2011,3,0,8,0,6,0,1,0.648996,0.674167,0.104467,5191
A233,21-08-2011,3,0,8,0,0,0,1,0.675525,0.77,0.248754,3873
A234,22-08-2011,3,0,8,0,1,1,1,0.638254,0.47,0.27675,4758
A235,23-08-2011,3,0,8,0,2,1,1,0.606067,0.455417,0.146763,5895
A236,24-08-2011,3,0,8,0,3,1,1,0.630692,0.605,0.253108,5130
A237,25-08-2011,3,0,8,0,4,1,2,0.645854,0.771667,0.210833,3542
A238,26-08-2011,3,0,8,0,5,1,1,0.659733,0.76125,0.0839625,4661
A239,27-08-2011,3,0,8,0,6,0,2,0.635556,0.85,0.375617,1115
A240,28-08-2011,3,0,8,0,0,0,1,0.647959,0.561765,0.304659,4334
A241,29-08-2011,3,0,8,0,1,1,1,0.607958,0.554583,0.159825,4634
A242,30-08-2011,3,0,8,0,2,1,1,0.594704,0.548333,0.125008,5204
A243,31-08-2011,3,0,8,0,3,1,1,0.611121,0.597917,0.0833333,5058
A244,01-09-2011,3,0,9,0,4,1,1,0.614921,0.639167,0.141796,5115
A245,02-09-2011,3,0,9,0,5,1,2,0.604808,0.727083,0.139929,4727
A246,03-09-2011,3,0,9,0,6,0,1,0.633213,0.716667,0.185325,4484
A247,04-09-2011,3,0,9,0,0,0,1,0.665429,0.742083,0.206467,4940
A248,05-09-2011,3,0,9,1,1,0,2,0.625646,0.790417,0.212696,3351
A249,06-09-2011,3,0,9,0,2,1,3,0.5152,0.886957,0.343943,2710
A250,07-09-2011,3,0,9,0,3,1,3,0.544229,0.917083,0.0970208,1996
A251,08-09-2011,3,0,9,0,4,1,3,0.555361,0.939565,0.192748,1842
A252,09-09-2011,3,0,9,0,5,1,2,0.578946,0.897917,0.124379,3544
A253,10-09-2011,3,0,9,0,6,0,1,0.607962,0.75375,0.153608,5345
A254,11-09-2011,3,0,9,0,0,0,1,0.609229,0.71375,0.115054,5046
A255,12-09-2011,3,0,9,0,1,1,1,0.60213,0.692174,0.088913,4713
A256,13-09-2011,3,0,9,0,2,1,1,0.603554,0.7125,0.141804,4763
A257,14-09-2011,3,0,9,0,3,1,1,0.6269,0.697083,0.1673,4785
A258,15-09-2011,3,0,9,0,4,1,2,0.553671,0.709167,0.271146,3659
A259,16-09-2011,3,0,9,0,5,1,2,0.461475,0.590417,0.164183,4760
A260,17-09-2011,3,0,9,0,6,0,2,0.478512,0.718333,0.189675,4511
A261,18-09-2011,3,0,9,0,0,0,1,0.490537,0.695,0.178483,4274
A262,19-09-2011,3,0,9,0,1,1,2,0.529675,0.69,0.151742,4539
A263,20-09-2011,3,0,9,0,2,1,2,0.532217,0.88125,0.134954,3641
A264,21-09-2011,3,0,9,0,3,1,2,0.550533,0.9,0.0964042,4352
A265,22-09-2011,3,0,9,0,4,1,2,0.554963,0.902083,0.128125,4795
A266,23-09-2011,4,0,9,0,5,1,2,0.522125,0.9725,0.0783667,2395
A267,24-09-2011,4,0,9,0,6,0,2,0.564412,0.8625,0.0783833,5423
A268,25-09-2011,4,0,9,0,0,0,2,0.572637,0.845,0.0503792,5010
A269,26-09-2011,4,0,9,0,1,1,2,0.589042,0.848333,0.1107,4630
A270,27-09-2011,4,0,9,0,2,1,2,0.574525,0.885417,0.118171,4120
A271,28-09-2011,4,0,9,0,3,1,2,0.575158,0.84875,0.148629,3907
A272,29-09-2011,4,0,9,0,4,1,1,0.574512,0.699167,0.172883,4839
A273,30-09-2011,4,0,9,0,5,1,1,0.544829,0.6475,0.206475,5202
A274,01-10-2011,4,0,10,0,6,0,2,0.412863,0.75375,0.292296,2429
A275,02-10-2011,4,0,10,0,0,0,2,0.345317,0.791667,0.222013,2918
A276,03-10-2011,4,0,10,0,1,1,2,0.392046,0.760833,0.0833458,3570
A277,04-10-2011,4,0,10,0,2,1,1,0.472858,0.71,0.205854,4456
A278,05-10-2011,4,0,10,0,3,1,1,0.527138,0.647917,0.17725,4826
A279,06-10-2011,4,0,10,0,4,1,1,0.480425,0.620833,0.134954,4765
A280,07-10-2011,4,0,10,0,5,1,1,0.504404,0.684167,0.0223917,4985
A281,08-10-2011,4,0,10,0,6,0,1,0.513242,0.70125,0.0454042,5409
A282,09-10-2011,4,0,10,0,0,0,1,0.523983,0.7275,0.06345,5511
A283,10-10-2011,4,0,10,1,1,0,1,0.542925,0.73375,0.0423042,5117
A284,11-10-2011,4,0,10,0,2,1,2,0.546096,0.80875,0.143042,4563
A285,12-10-2011,4,0,10,0,3,1,3,0.517717,0.90625,0.24815,2416
A286,13-10-2011,4,0,10,0,4,1,2,0.551804,0.896667,0.141787,2913
A287,14-10-2011,4,0,10,0,5,1,2,0.529675,0.71625,0.223883,3644
A288,15-10-2011,4,0,10,0,6,0,1,0.498725,0.483333,0.258083,5217
A289,16-10-2011,4,0,10,0,0,0,1,0.503154,0.486667,0.281717,5041
A290,17-10-2011,4,0,10,0,1,1,1,0.510725,0.579583,0.175379,4570
A291,18-10-2011,4,0,10,0,2,1,2,0.522721,0.701667,0.110087,4748
A292,19-10-2011,4,0,10,0,3,1,3,0.513848,0.895217,0.243339,2424
A293,20-10-2011,4,0,10,0,4,1,1,0.466525,0.63625,0.422275,4195
A294,21-10-2011,4,0,10,0,5,1,1,0.423596,0.574167,0.221396,4304
A295,22-10-2011,4,0,10,0,6,0,1,0.425492,0.629167,0.0926667,4308
A296,23-10-2011,4,0,10,0,0,0,1,0.422333,0.74125,0.0995125,4381
A297,24-10-2011,4,0,10,0,1,1,1,0.457067,0.772083,0.118792,4187
A298,25-10-2011,4,0,10,0,2,1,1,0.463375,0.622917,0.166658,4687
A299,26-10-2011,4,0,10,0,3,1,2,0.472846,0.720417,0.148642,3894
A300,27-10-2011,4,0,10,0,4,1,2,0.457046,0.812917,0.197763,2659
A301,28-10-2011,4,0,10,0,5,1,2,0.318812,0.585833,0.229479,3747
A302,29-10-2011,4,0,10,0,6,0,3,0.227913,0.8825,0.351371,627
A303,30-10-2011,4,0,10,0,0,0,1,0.321329,0.62375,0.176617,3331
A304,31-10-2011,4,0,10,0,1,1,1,0.356063,0.703333,0.10635,3669
A305,01-11-2011,4,0,11,0,2,1,1,0.397088,0.68375,0.135571,4068
A306,02-11-2011,4,0,11,0,3,1,1,0.390133,0.71875,0.0820917,4186
A307,03-11-2011,4,0,11,0,4,1,1,0.405921,0.702083,0.136817,3974
A308,04-11-2011,4,0,11,0,5,1,2,0.403392,0.6225,0.271779,4046
A309,05-11-2011,4,0,11,0,6,0,1,0.323854,0.519167,0.189062,3926
A310,06-11-2011,4,0,11,0,0,0,1,0.362358,0.734583,0.0920542,3649
A311,07-11-2011,4,0,11,0,1,1,1,0.400871,0.75875,0.057225,4035
A312,08-11-2011,4,0,11,0,2,1,1,0.412246,0.721667,0.0690375,4205
A313,09-11-2011,4,0,11,0,3,1,1,0.409079,0.758333,0.0621958,4109
A314,10-11-2011,4,0,11,0,4,1,2,0.373721,0.813333,0.189067,2933
A315,11-11-2011,4,0,11,1,5,0,1,0.306817,0.44625,0.314675,3368
A316,12-11-2011,4,0,11,0,6,0,1,0.357942,0.552917,0.212062,4067
A317,13-11-2011,4,0,11,0,0,0,1,0.43055,0.458333,0.281721,3717
A318,14-11-2011,4,0,11,0,1,1,1,0.524612,0.587083,0.306596,4486
A319,15-11-2011,4,0,11,0,2,1,2,0.507579,0.68875,0.199633,4195
A320,16-11-2011,4,0,11,0,3,1,3,0.451988,0.93,0.136829,1817
A321,17-11-2011,4,0,11,0,4,1,2,0.323221,0.575833,0.305362,3053
A322,18-11-2011,4,0,11,0,5,1,1,0.272721,0.41,0.168533,3392
A323,19-11-2011,4,0,11,0,6,0,1,0.324483,0.502083,0.224496,3663
A324,20-11-2011,4,0,11,0,0,0,2,0.457058,0.684583,0.18595,3520
A325,21-11-2011,4,0,11,0,1,1,3,0.445062,0.91,0.138054,2765
A326,22-11-2011,4,0,11,0,2,1,3,0.421696,0.9625,0.118792,1607
A327,23-11-2011,4,0,11,0,3,1,2,0.430537,0.757917,0.335825,2566
A328,24-11-2011,4,0,11,1,4,0,1,0.372471,0.549167,0.167304,1495
A329,25-11-2011,4,0,11,0,5,1,1,0.380671,0.64375,0.0988958,2792
A330,26-11-2011,4,0,11,0,6,0,1,0.385087,0.681667,0.0684208,3068
A331,27-11-2011,4,0,11,0,0,0,1,0.4558,0.698333,0.208954,3071
A332,28-11-2011,4,0,11,0,1,1,1,0.490122,0.743043,0.142122,3867
A333,29-11-2011,4,0,11,0,2,1,2,0.451375,0.830833,0.258092,2914
A334,30-11-2011,4,0,11,0,3,1,1,0.311221,0.613333,0.271158,3613
A335,01-12-2011,4,0,12,0,4,1,1,0.305554,0.524583,0.220158,3727
A336,02-12-2011,4,0,12,0,5,1,1,0.331433,0.625833,0.100754,3940
A337,03-12-2011,4,0,12,0,6,0,1,0.310604,0.612917,0.0957833,3614
A338,04-12-2011,4,0,12,0,0,0,1,0.3491,0.775833,0.0839583,3485
A339,05-12-2011,4,0,12,0,1,1,2,0.393925,0.827083,0.0622083,3811
A340,06-12-2011,4,0,12,0,2,1,3,0.4564,0.949583,0.232583,2594
A341,07-12-2011,4,0,12,0,3,1,3,0.400246,0.970417,0.266175,705
A342,08-12-2011,4,0,12,0,4,1,1,0.256938,0.58,0.240058,3322
A343,09-12-2011,4,0,12,0,5,1,1,0.317542,0.695833,0.0827167,3620
A344,10-12-2011,4,0,12,0,6,0,1,0.266412,0.5075,0.233221,3190
A345,11-12-2011,4,0,12,0,0,0,1,0.253154,0.49,0.0665417,2743
A346,12-12-2011,4,0,12,0,1,1,1,0.270196,0.670833,0.06345,3310
A347,13-12-2011,4,0,12,0,2,1,1,0.301138,0.59,0.14055,3523
A348,14-12-2011,4,0,12,0,3,1,2,0.338362,0.66375,0.0609583,3740
A349,15-12-2011,4,0,12,0,4,1,2,0.412237,0.634167,0.268042,3709
A350,16-12-2011,4,0,12,0,5,1,2,0.359825,0.500417,0.260575,3577
A351,17-12-2011,4,0,12,0,6,0,2,0.249371,0.560833,0.243167,2739
A352,18-12-2011,4,0,12,0,0,0,1,0.245579,0.58625,0.169779,2431
A353,19-12-2011,4,0,12,0,1,1,1,0.280933,0.6375,0.172896,3403
A354,20-12-2011,4,0,12,0,2,1,2,0.396454,0.595417,0.0615708,3750
A355,21-12-2011,1,0,12,0,3,1,2,0.428017,0.858333,0.2214,2660
A356,22-12-2011,1,0,12,0,4,1,2,0.426121,0.7575,0.047275,3068
A357,23-12-2011,1,0,12,0,5,1,1,0.377513,0.68625,0.274246,2209
A358,24-12-2011,1,0,12,0,6,0,1,0.299242,0.5425,0.190304,1011
A359,25-12-2011,1,0,12,0,0,0,1,0.279961,0.681304,0.155091,754
A360,26-12-2011,1,0,12,1,1,0,1,0.315535,0.506957,0.239465,1317
A361,27-12-2011,1,0,12,0,2,1,2,0.327633,0.7625,0.18845,1162
A362,28-12-2011,1,0,12,0,3,1,1,0.279974,0.503913,0.293961,2302
A363,29-12-2011,1,0,12,0,4,1,1,0.263892,0.574167,0.119412,2423
A364,30-12-2011,1,0,12,0,5,1,1,0.318812,0.636667,0.134337,2999
A365,31-12-2011,1,0,12,0,6,0,1,0.414121,0.615833,0.220154,2485
A366,01-01-2012,1,1,1,0,0,0,1,0.375621,0.6925,0.192167,2294
A367,02-01-2012,1,1,1,1,1,0,1,0.252304,0.381304,0.329665,1951
A368,03-01-2012,1,1,1,0,2,1,1,0.126275,0.44125,0.365671,2236
A369,04-01-2012,1,1,1,0,3,1,2,0.119337,0.414583,0.1847,2368
A370,05-01-2012,1,1,1,0,4,1,1,0.278412,0.524167,0.129987,3272
A371,06-01-2012,1,1,1,0,5,1,1,0.340267,0.542083,0.167908,4098
A372,07-01-2012,1,1,1,0,6,0,1,0.390779,0.531667,0.174758,4521
A373,08-01-2012,1,1,1,0,0,0,1,0.340258,0.465,0.191542,3425
A374,09-01-2012,1,1,1,0,1,1,2,0.247479,0.701667,0.0989,2376
A375,10-01-2012,1,1,1,0,2,1,1,0.318826,0.646522,0.187552,3598
A376,11-01-2012,1,1,1,0,3,1,2,0.282821,0.8475,0.131221,2177
A377,12-01-2012,1,1,1,0,4,1,2,0.381938,0.802917,0.180967,4097
A378,13-01-2012,1,1,1,0,5,1,1,0.249362,0.5075,0.378108,3214
A379,14-01-2012,1,1,1,0,6,0,1,0.183087,0.4575,0.187183,2493
A380,15-01-2012,1,1,1,0,0,0,1,0.161625,0.419167,0.251258,2311
A381,16-01-2012,1,1,1,1,1,0,1,0.190663,0.5225,0.231358,2298
A382,17-01-2012,1,1,1,0,2,1,2,0.364278,0.716087,0.34913,2935
A383,18-01-2012,1,1,1,0,3,1,1,0.275254,0.443333,0.415429,3376
A384,19-01-2012,1,1,1,0,4,1,1,0.190038,0.4975,0.220158,3292
A385,20-01-2012,1,1,1,0,5,1,2,0.220958,0.45,0.20275,3163
A386,21-01-2012,1,1,1,0,6,0,2,0.174875,0.83125,0.222642,1301
A387,22-01-2012,1,1,1,0,0,0,2,0.16225,0.79625,0.199638,1977
A388,23-01-2012,1,1,1,0,1,1,2,0.243058,0.91125,0.110708,2432
A389,24-01-2012,1,1,1,0,2,1,1,0.349108,0.835833,0.123767,4339
A390,25-01-2012,1,1,1,0,3,1,1,0.294821,0.64375,0.161071,4270
A391,26-01-2012,1,1,1,0,4,1,2,0.35605,0.769583,0.0733958,4075
A392,27-01-2012,1,1,1,0,5,1,2,0.415383,0.74125,0.342667,3456
A393,28-01-2012,1,1,1,0,6,0,1,0.326379,0.543333,0.210829,4023
A394,29-01-2012,1,1,1,0,0,0,1,0.272721,0.31125,0.24005,3243
A395,30-01-2012,1,1,1,0,1,1,1,0.262625,0.400833,0.215792,3624
A396,31-01-2012,1,1,1,0,2,1,1,0.381317,0.416667,0.261817,4509
A397,01-02-2012,1,1,2,0,3,1,1,0.466538,0.507917,0.189067,4579
A398,02-02-2012,1,1,2,0,4,1,2,0.398971,0.672917,0.187187,3761
A399,03-02-2012,1,1,2,0,5,1,1,0.309346,0.526667,0.178496,4151
A400,04-02-2012,1,1,2,0,6,0,2,0.272725,0.779583,0.121896,2832
A401,05-02-2012,1,1,2,0,0,0,2,0.264521,0.687917,0.175996,2947
A402,06-02-2012,1,1,2,0,1,1,1,0.296426,0.622174,0.1538,3784
A403,07-02-2012,1,1,2,0,2,1,1,0.361104,0.49625,0.147379,4375
A404,08-02-2012,1,1,2,0,3,1,2,0.266421,0.722917,0.133721,2802
A405,09-02-2012,1,1,2,0,4,1,1,0.261988,0.562083,0.194037,3830
A406,10-02-2012,1,1,2,0,5,1,2,0.293558,0.54,0.116929,3831
A407,11-02-2012,1,1,2,0,6,0,3,0.210867,0.73125,0.289796,2169
A408,12-02-2012,1,1,2,0,0,0,1,0.101658,0.464583,0.409212,1529
A409,13-02-2012,1,1,2,0,1,1,1,0.227913,0.41125,0.167283,3422
A410,14-02-2012,1,1,2,0,2,1,2,0.333946,0.50875,0.141179,3922
A411,15-02-2012,1,1,2,0,3,1,1,0.351629,0.53125,0.1816,4169
A412,16-02-2012,1,1,2,0,4,1,2,0.330162,0.752917,0.091425,3005
A413,17-02-2012,1,1,2,0,5,1,1,0.351629,0.634583,0.205846,4154
A414,18-02-2012,1,1,2,0,6,0,1,0.355425,0.534583,0.190929,4318
A415,19-02-2012,1,1,2,0,0,0,2,0.265788,0.515833,0.253112,2689
A416,20-02-2012,1,1,2,1,1,0,1,0.273391,0.507826,0.229083,3129
A417,21-02-2012,1,1,2,0,2,1,1,0.295113,0.594348,0.205717,3777
A418,22-02-2012,1,1,2,0,3,1,1,0.392667,0.567917,0.234471,4773
A419,23-02-2012,1,1,2,0,4,1,1,0.444446,0.554583,0.190913,5062
A420,24-02-2012,1,1,2,0,5,1,2,0.410971,0.7375,0.237567,3487
A421,25-02-2012,1,1,2,0,6,0,1,0.255675,0.395833,0.421642,2732
A422,26-02-2012,1,1,2,0,0,0,1,0.268308,0.41,0.205229,3389
A423,27-02-2012,1,1,2,0,1,1,1,0.357954,0.490833,0.268033,4322
A424,28-02-2012,1,1,2,0,2,1,1,0.353525,0.395833,0.193417,4363
A425,29-02-2012,1,1,2,0,3,1,2,0.34847,0.804783,0.179117,1834
A426,01-03-2012,1,1,3,0,4,1,1,0.475371,0.615417,0.226987,4990
A427,02-03-2012,1,1,3,0,5,1,2,0.359842,0.657083,0.144904,3194
A428,03-03-2012,1,1,3,0,6,0,2,0.413492,0.62125,0.161079,4066
A429,04-03-2012,1,1,3,0,0,0,1,0.303021,0.403333,0.334571,3423
A430,05-03-2012,1,1,3,0,1,1,1,0.241171,0.50625,0.228858,3333
A431,06-03-2012,1,1,3,0,2,1,1,0.255042,0.456667,0.200875,3956
A432,07-03-2012,1,1,3,0,3,1,1,0.3851,0.513333,0.345779,4916
A433,08-03-2012,1,1,3,0,4,1,1,0.524604,0.5675,0.441563,5382
A434,09-03-2012,1,1,3,0,5,1,2,0.397083,0.407083,0.4148,4569
A435,10-03-2012,1,1,3,0,6,0,1,0.277767,0.350417,0.22575,4118
A436,11-03-2012,1,1,3,0,0,0,1,0.35967,0.476957,0.222587,4911
A437,12-03-2012,1,1,3,0,1,1,1,0.459592,0.489167,0.207713,5298
A438,13-03-2012,1,1,3,0,2,1,1,0.542929,0.6175,0.23695,5847
A439,14-03-2012,1,1,3,0,3,1,1,0.548617,0.507083,0.115062,6312
A440,15-03-2012,1,1,3,0,4,1,1,0.532825,0.579583,0.149883,6192
A441,16-03-2012,1,1,3,0,5,1,2,0.436229,0.842083,0.113192,4378
A442,17-03-2012,1,1,3,0,6,0,2,0.505046,0.755833,0.110704,7836
A443,18-03-2012,1,1,3,0,0,0,2,0.464,0.81,0.126883,5892
A444,19-03-2012,1,1,3,0,1,1,1,0.532821,0.72875,0.162317,6153
A445,20-03-2012,1,1,3,0,2,1,1,0.538533,0.807917,0.121271,6093
A446,21-03-2012,2,1,3,0,3,1,2,0.513258,0.82125,0.0895583,6230
A447,22-03-2012,2,1,3,0,4,1,1,0.531567,0.83125,0.117562,6871
A448,23-03-2012,2,1,3,0,5,1,2,0.570067,0.694167,0.1163,8362
A449,24-03-2012,2,1,3,0,6,0,2,0.486733,0.885417,0.192783,3372
A450,25-03-2012,2,1,3,0,0,0,2,0.437488,0.880833,0.220775,4996
A451,26-03-2012,2,1,3,0,1,1,1,0.43875,0.477917,0.386821,5558
A452,27-03-2012,2,1,3,0,2,1,1,0.315654,0.29,0.187192,5102
A453,28-03-2012,2,1,3,0,3,1,1,0.47095,0.48125,0.291671,5698
A454,29-03-2012,2,1,3,0,4,1,1,0.482304,0.439167,0.31965,6133
A455,30-03-2012,2,1,3,0,5,1,2,0.375621,0.580833,0.138067,5459
A456,31-03-2012,2,1,3,0,6,0,2,0.421708,0.738333,0.250617,6235
A457,01-04-2012,2,1,4,0,0,0,2,0.417287,0.67625,0.172267,6041
A458,02-04-2012,2,1,4,0,1,1,1,0.427513,0.504348,0.312139,5936
A459,03-04-2012,2,1,4,0,2,1,1,0.461483,0.396667,0.100133,6772
A460,04-04-2012,2,1,4,0,3,1,1,0.53345,0.469583,0.180975,6436
A461,05-04-2012,2,1,4,0,4,1,1,0.431163,0.374167,0.219529,6457
A462,06-04-2012,2,1,4,0,5,1,1,0.390767,0.377083,0.300388,6460
A463,07-04-2012,2,1,4,0,6,0,1,0.426129,0.254167,0.274871,6857
A464,08-04-2012,2,1,4,0,0,0,1,0.492425,0.275833,0.232596,5169
A465,09-04-2012,2,1,4,0,1,1,1,0.476638,0.3175,0.358196,5585
A466,10-04-2012,2,1,4,0,2,1,1,0.436233,0.435,0.249375,5918
A467,11-04-2012,2,1,4,0,3,1,1,0.337274,0.469565,0.295274,4862
A468,12-04-2012,2,1,4,0,4,1,1,0.387604,0.46625,0.290429,5409
A469,13-04-2012,2,1,4,0,5,1,1,0.431808,0.408333,0.155471,6398
A470,14-04-2012,2,1,4,0,6,0,1,0.487996,0.502917,0.190917,7460
A471,15-04-2012,2,1,4,0,0,0,1,0.573875,0.507917,0.225129,7132
A472,16-04-2012,2,1,4,1,1,0,1,0.614925,0.561667,0.284829,6370
A473,17-04-2012,2,1,4,0,2,1,1,0.598487,0.390417,0.273629,6691
A474,18-04-2012,2,1,4,0,3,1,2,0.457038,0.569167,0.167912,4367
A475,19-04-2012,2,1,4,0,4,1,1,0.493046,0.6125,0.0659292,6565
A476,20-04-2012,2,1,4,0,5,1,1,0.515775,0.694583,0.149871,7290
A477,21-04-2012,2,1,4,0,6,0,1,0.542921,0.682917,0.283587,6624
A478,22-04-2012,2,1,4,0,0,0,3,0.389504,0.835417,0.344546,1027
A479,23-04-2012,2,1,4,0,1,1,2,0.301125,0.766667,0.303496,3214
A480,24-04-2012,2,1,4,0,2,1,1,0.405283,0.454167,0.249383,5633
A481,25-04-2012,2,1,4,0,3,1,1,0.470317,0.427917,0.118792,6196
A482,26-04-2012,2,1,4,0,4,1,2,0.483583,0.756667,0.176625,5026
A483,27-04-2012,2,1,4,0,5,1,1,0.452637,0.400833,0.347633,6233
A484,28-04-2012,2,1,4,0,6,0,2,0.377504,0.489583,0.129975,4220
A485,29-04-2012,2,1,4,0,0,0,1,0.450121,0.587083,0.116908,6304
A486,30-04-2012,2,1,4,0,1,1,2,0.457696,0.57,0.171638,5572
A487,01-05-2012,2,1,5,0,2,1,2,0.577021,0.659583,0.156096,5740
A488,02-05-2012,2,1,5,0,3,1,1,0.537896,0.797083,0.138058,6169
A489,03-05-2012,2,1,5,0,4,1,2,0.537242,0.768333,0.133696,6421
A490,04-05-2012,2,1,5,0,5,1,1,0.590917,0.735417,0.162938,6296
A491,05-05-2012,2,1,5,0,6,0,2,0.584608,0.756667,0.152992,6883
A492,06-05-2012,2,1,5,0,0,0,2,0.546737,0.74,0.149879,6359
A493,07-05-2012,2,1,5,0,1,1,2,0.527142,0.664167,0.230721,6273
A494,08-05-2012,2,1,5,0,2,1,2,0.557471,0.685833,0.296029,5728
A495,09-05-2012,2,1,5,0,3,1,2,0.553025,0.744167,0.216412,4717
A496,10-05-2012,2,1,5,0,4,1,1,0.491783,0.552083,0.314063,6572
A497,11-05-2012,2,1,5,0,5,1,1,0.520833,0.360417,0.236937,7030
A498,12-05-2012,2,1,5,0,6,0,1,0.544817,0.480417,0.123133,7429
A499,13-05-2012,2,1,5,0,0,0,1,0.585238,0.57625,0.225117,6118
A500,14-05-2012,2,1,5,0,1,1,2,0.5499,0.789583,0.212692,2843
A501,15-05-2012,2,1,5,0,2,1,2,0.576404,0.794583,0.147392,5115
A502,16-05-2012,2,1,5,0,3,1,1,0.595975,0.697917,0.122512,7424
A503,17-05-2012,2,1,5,0,4,1,1,0.572613,0.52,0.229475,7384
A504,18-05-2012,2,1,5,0,5,1,1,0.551121,0.523333,0.136817,7639
A505,19-05-2012,2,1,5,0,6,0,1,0.566908,0.45625,0.083975,8294
A506,20-05-2012,2,1,5,0,0,0,1,0.583967,0.530417,0.254367,7129
A507,21-05-2012,2,1,5,0,1,1,2,0.565667,0.81125,0.233204,4359
A508,22-05-2012,2,1,5,0,2,1,2,0.580825,0.765833,0.118167,6073
A509,23-05-2012,2,1,5,0,3,1,2,0.584612,0.774583,0.102,5260
A510,24-05-2012,2,1,5,0,4,1,1,0.6067,0.716667,0.172896,6770
A511,25-05-2012,2,1,5,0,5,1,1,0.627529,0.747083,0.14055,6734
A512,26-05-2012,2,1,5,0,6,0,1,0.642696,0.7325,0.198992,6536
A513,27-05-2012,2,1,5,0,0,0,1,0.641425,0.697083,0.215171,6591
A514,28-05-2012,2,1,5,1,1,0,1,0.6793,0.67625,0.196521,6043
A515,29-05-2012,2,1,5,0,2,1,1,0.672992,0.684583,0.2954,5743
A516,30-05-2012,2,1,5,0,3,1,2,0.611129,0.67,0.134329,6855
A517,31-05-2012,2,1,5,0,4,1,1,0.631329,0.492917,0.195279,7338
A518,01-06-2012,2,1,6,0,5,1,2,0.607962,0.755417,0.237563,4127
A519,02-06-2012,2,1,6,0,6,0,1,0.566288,0.549167,0.186562,8120
A520,03-06-2012,2,1,6,0,0,0,1,0.575133,0.493333,0.184087,7641
A521,04-06-2012,2,1,6,0,1,1,1,0.578283,0.487083,0.284833,6998
A522,05-06-2012,2,1,6,0,2,1,2,0.525892,0.613333,0.209575,7001
A523,06-06-2012,2,1,6,0,3,1,1,0.542292,0.61125,0.077125,7055
A524,07-06-2012,2,1,6,0,4,1,1,0.569442,0.567083,0.15735,7494
A525,08-06-2012,2,1,6,0,5,1,1,0.597862,0.467917,0.175383,7736
A526,09-06-2012,2,1,6,0,6,0,1,0.648367,0.437083,0.144287,7498
A527,10-06-2012,2,1,6,0,0,0,1,0.663517,0.538333,0.133721,6598
A528,11-06-2012,2,1,6,0,1,1,2,0.659721,0.587917,0.207713,6664
A529,12-06-2012,2,1,6,0,2,1,2,0.597875,0.833333,0.214546,4972
A530,13-06-2012,2,1,6,0,3,1,1,0.611117,0.582083,0.343279,7421
A531,14-06-2012,2,1,6,0,4,1,1,0.624383,0.569583,0.253733,7363
A532,15-06-2012,2,1,6,0,5,1,1,0.599754,0.589583,0.176617,7665
A533,16-06-2012,2,1,6,0,6,0,1,0.594708,0.504167,0.166667,7702
A534,17-06-2012,2,1,6,0,0,0,1,0.571975,0.59875,0.144904,6978
A535,18-06-2012,2,1,6,0,1,1,2,0.544842,0.777917,0.174746,5099
A536,19-06-2012,2,1,6,0,2,1,1,0.654692,0.69,0.148017,6825
A537,20-06-2012,2,1,6,0,3,1,1,0.720975,0.592083,0.113812,6211
A538,21-06-2012,3,1,6,0,4,1,1,0.752542,0.567917,0.118787,5905
A539,22-06-2012,3,1,6,0,5,1,1,0.724121,0.57375,0.182842,5823
A540,23-06-2012,3,1,6,0,6,0,1,0.652792,0.534583,0.179721,7458
A541,24-06-2012,3,1,6,0,0,0,1,0.674254,0.479167,0.145525,6891
A542,25-06-2012,3,1,6,0,1,1,1,0.654042,0.504167,0.300383,6779
A543,26-06-2012,3,1,6,0,2,1,1,0.594704,0.373333,0.347642,7442
A544,27-06-2012,3,1,6,0,3,1,1,0.640792,0.36,0.271775,7335
A545,28-06-2012,3,1,6,0,4,1,1,0.675512,0.4225,0.17165,6879
A546,29-06-2012,3,1,6,0,5,1,1,0.786613,0.48875,0.165417,5463
A547,30-06-2012,3,1,6,0,6,0,1,0.687508,0.60125,0.161071,5687
A548,01-07-2012,3,1,7,0,0,0,1,0.750629,0.51875,0.168529,5531
A549,02-07-2012,3,1,7,0,1,1,1,0.702038,0.447083,0.195267,6227
A550,03-07-2012,3,1,7,0,2,1,1,0.70265,0.492083,0.126237,6660
A551,04-07-2012,3,1,7,1,3,0,1,0.732337,0.53875,0.13495,7403
A552,05-07-2012,3,1,7,0,4,1,1,0.761367,0.457917,0.194029,6241
A553,06-07-2012,3,1,7,0,5,1,1,0.752533,0.450833,0.146142,6207
A554,07-07-2012,3,1,7,0,6,0,1,0.804913,0.492083,0.163554,4840
A555,08-07-2012,3,1,7,0,0,0,1,0.790396,0.57375,0.125629,4672
A556,09-07-2012,3,1,7,0,1,1,2,0.654054,0.683333,0.180975,6569
A557,10-07-2012,3,1,7,0,2,1,2,0.664796,0.6675,0.151737,6290
A558,11-07-2012,3,1,7,0,3,1,1,0.650271,0.633333,0.151733,7264
A559,12-07-2012,3,1,7,0,4,1,1,0.654683,0.529583,0.146775,7446
A560,13-07-2012,3,1,7,0,5,1,2,0.667933,0.485833,0.08085,7499
A561,14-07-2012,3,1,7,0,6,0,2,0.666042,0.699167,0.143679,6969
A562,15-07-2012,3,1,7,0,0,0,1,0.705196,0.717917,0.166667,6031
A563,16-07-2012,3,1,7,0,1,1,1,0.724125,0.645,0.164187,6830
A564,17-07-2012,3,1,7,0,2,1,1,0.755683,0.505833,0.114429,6786
A565,18-07-2012,3,1,7,0,3,1,1,0.745583,0.577083,0.137442,5713
A566,19-07-2012,3,1,7,0,4,1,1,0.714642,0.600417,0.165429,6591
A567,20-07-2012,3,1,7,0,5,1,2,0.613025,0.844167,0.208967,5870
A568,21-07-2012,3,1,7,0,6,0,3,0.549912,0.865417,0.2133,4459
A569,22-07-2012,3,1,7,0,0,0,2,0.623125,0.7625,0.0939208,7410
A570,23-07-2012,3,1,7,0,1,1,1,0.690017,0.694167,0.138683,6966
A571,24-07-2012,3,1,7,0,2,1,1,0.70645,0.655,0.211454,7592
A572,25-07-2012,3,1,7,0,3,1,1,0.654054,0.45,0.1648,8173
A573,26-07-2012,3,1,7,0,4,1,1,0.739263,0.596667,0.284813,6861
A574,27-07-2012,3,1,7,0,5,1,1,0.734217,0.594583,0.152992,6904
A575,28-07-2012,3,1,7,0,6,0,1,0.697604,0.613333,0.15735,6685
A576,29-07-2012,3,1,7,0,0,0,1,0.667933,0.62375,0.170396,6597
A577,30-07-2012,3,1,7,0,1,1,1,0.684987,0.66875,0.153617,7105
A578,31-07-2012,3,1,7,0,2,1,1,0.662896,0.704167,0.165425,7216
A579,01-08-2012,3,1,8,0,3,1,1,0.667308,0.6775,0.141179,7580
A580,02-08-2012,3,1,8,0,4,1,1,0.707088,0.659583,0.129354,7261
A581,03-08-2012,3,1,8,0,5,1,2,0.722867,0.6425,0.215792,7175
A582,04-08-2012,3,1,8,0,6,0,1,0.751267,0.613333,0.257458,6824
A583,05-08-2012,3,1,8,0,0,0,1,0.731079,0.6525,0.290421,5464
A584,06-08-2012,3,1,8,0,1,1,2,0.710246,0.654167,0.129354,7013
A585,07-08-2012,3,1,8,0,2,1,2,0.697621,0.70375,0.116908,7273
A586,08-08-2012,3,1,8,0,3,1,2,0.707717,0.672917,0.1107,7534
A587,09-08-2012,3,1,8,0,4,1,1,0.699508,0.620417,0.1561,7286
A588,10-08-2012,3,1,8,0,5,1,2,0.667942,0.715833,0.238813,5786
A589,11-08-2012,3,1,8,0,6,0,2,0.638267,0.732917,0.206479,6299
A590,12-08-2012,3,1,8,0,0,0,1,0.644579,0.530417,0.122512,6544
A591,13-08-2012,3,1,8,0,1,1,1,0.662254,0.545417,0.136212,6883
A592,14-08-2012,3,1,8,0,2,1,1,0.676779,0.686667,0.169158,6784
A593,15-08-2012,3,1,8,0,3,1,1,0.654037,0.619583,0.169771,7347
A594,16-08-2012,3,1,8,0,4,1,1,0.654688,0.519167,0.141796,7605
A595,17-08-2012,3,1,8,0,5,1,1,0.2424,0.570833,0.231354,7148
A596,18-08-2012,3,1,8,0,6,0,1,0.618071,0.603333,0.177867,7865
A597,19-08-2012,3,1,8,0,0,0,2,0.603554,0.711667,0.08645,4549
A598,20-08-2012,3,1,8,0,1,1,2,0.595967,0.734167,0.129979,6530
A599,21-08-2012,3,1,8,0,2,1,1,0.601025,0.67375,0.0727708,7006
