id,유동비율,당좌비율,부채비율,차입금/자기자본,차입금/매출액비율,매출액증가율],순이익증가율,재고자산회전율1,매출채권회전율,총자본순이익율,매출액순이익율,자기자본순이익율,자산총계,자본총계,이자보상비율,단기차입금/총자본,총자산회전율,이자보상비율.1,KIS 신용평점/0A3010,총자산증가율
0,174.1,141.75,357.12,316.22,114.71,-30.63,-40.07,9.62,4.42,0.13,0.22,0.63,4.04E+13,8.84E+12,101.18,0.13,0.63,103.75,7,-10.48
1,278.38,216.2,26.33,0.09,0.19,2.88,32.24,3.14,3.52,14.38,35.01,17.58,7.45E+12,5.90E+12,155936.97,0,0.38,172142.59,2,18.34
2,61.96,61.96,16.7,10.91,129.34,211.06,-51.95,,4.78,1.54,29.98,1.71,3.00E+11,2.57E+11,1835.53,0.05,0.05,3439.71,4,13.38
3,126.49,112.33,61.39,19.91,10.66,-2.71,-50.67,25.57,4.72,4.95,4.26,7.8,1.27E+11,78777100000,658.67,0.2,1.11,4234.78,4,9.02
4,1525.64,1525.64,9.84,9.35,48.8,39.95,42.41,,,8.44,90.62,8.87,1.41E+11,1.28E+11,11373.45,0,0.09,23834.72,3,14.47
5,155.49,152.45,85.07,28.7,12.21,1.68,19.94,90.78,2.96,1.88,1.56,3.29,2.60E+11,1.40E+11,390.93,0.25,1.13,425.25,5,14.27
6,149.91,124.89,113.08,8.55,2.08,-21.42,,12.89,3.38,2.37,1.71,5.48,1.01E+11,47251900000,180.54,0.09,1.44,171.41,6,-7.53
7,81.1,81.1,123.59,,,14.14,2.08,,8.6,7.51,7.97,16.71,4.00E+11,1.79E+11,198001.89,0,0.9,254605.74,4,9.65
8,134.06,125.91,104.96,,,28.9,54.89,77.68,3444.69,11.43,3.55,23.92,1.46E+12,7.12E+11,3039.03,0,2.92,3192.59,5,23.35
9,44.16,27.84,121.51,82.44,50.66,13.08,43.74,10.32,6.03,6.73,9.16,14.66,1.76E+11,79588726000,675.48,0.72,0.7,755.91,5,9.56
10,229.68,165.13,37.47,11.24,4.55,4.82,-12.64,7.33,8.08,7.3,4.91,10.07,2.02E+11,1.47E+11,5660.21,0.11,1.47,4943.12,3,2.96
11,107.32,70.13,187.64,70.92,23.34,-1.17,,4.49,3.07,-11.32,-11.2,-29.92,88639409000,30815855000,-722.37,0.59,1.08,-739.9,6,-11.46
12,162.54,105.76,69.33,34.73,5.55,38.21,76.82,21.85,13.67,1.71,0.82,2.59,4.88E+11,2.88E+11,921,0,1.85,854.08,5,27.46
13,97.47,38.5,91.24,71.69,33.69,4.53,79.89,4.71,11.42,1.49,1.38,2.83,8.33E+11,4.36E+11,294.01,0.47,1.06,343.59,5,2.22
14,272.34,224.47,41.24,22.51,9.12,111.51,17.7,13.24,7.21,17.55,9.83,27.31,1.47E+11,1.04E+11,2229.81,0.04,1.56,2018.26,4,33.03
15,70.8,67.35,110.29,86.78,74.75,9.02,112.77,64.66,4.64,2.93,5.05,6.35,2.00E+12,9.51E+11,363.4,0,0.59,.,5,-3.55
16,269.93,117.7,32.9,15.06,7.12,3.3,-48.16,3.45,8.27,0.76,0.56,0.99,1.98E+11,1.49E+11,1134.25,0.14,1.33,1907.11,4,5.54
17,76.54,65.62,166.65,101.85,43.88,-1.86,50.52,33.9,6.5,3.07,3.41,8.48,1.19E+13,4.48E+12,344.86,0,0.9,337.39,3,-0.39
18,20.04,16.98,34.21,20.35,57.39,0.25,8.68,41.78,44.82,7,22.35,9.77,6.59E+11,4.91E+11,1534.08,0,0.31,.,4,1.03
19,102.05,102.05,62.9,54.59,45.59,305.55,,,35.69,-5.76,-7.14,-9.82,61997945000,38058811000,-792.29,0.11,0.61,-2224.84,6,99.1
20,85.75,79.23,52.33,19.58,37.73,8.48,-13.84,22.94,2.58,4.4,15.67,6.49,4.59E+12,3.01E+12,8010.73,0.01,0.27,11351.34,3,12.71
21,429.77,210.52,15.23,1.36,1.36,20.86,60.08,2.45,12.1,8.63,12.63,9.82,9.51E+11,8.26E+11,6728.79,0.01,0.65,6617.84,3,11.94
22,78.25,46.59,86.08,56.92,53.38,-30.38,,4.23,4.11,-3.56,-6.38,-6.69,2.27E+11,1.22E+11,-318.09,0.42,0.59,.,7,-8.62
23,127.09,92.33,73.95,26.99,13.27,5.91,1741.76,13.38,13.87,16.22,10.96,29.98,3.11E+11,1.79E+11,221.52,0.21,1.38,1055.52,4,15.41
24,121.98,93.76,100.64,78.1,57.7,-4.91,,7.75,6.79,-3.25,-5.37,-6.09,1.09E+12,5.42E+11,-634.21,0.31,0.59,729.66,7,6.37
25,63.61,42.11,117,94.01,65.62,-10.02,83.03,7.31,11.94,1.74,2.45,4.03,4.91E+11,2.26E+11,118.28,0.52,0.74,377.64,6,-8.29
26,450.27,381.96,15.14,5.65,10.16,10.7,24.74,8.56,7.49,4.66,8.45,5.43,5.14E+11,4.47E+11,-701.37,0.02,0.55,-708.58,4,1.72
27,81.56,57.98,301.71,209.21,35.17,1.53,,9.24,7.52,1.17,0.83,4.64,2.15E+11,53423088000,122.27,1.7,1.36,.,9,9.16
28,52.81,14.54,87.15,37.78,14.53,3.44,-22.01,8.87,11.35,2.62,1.58,5.24,93610372000,50019244000,1515.85,0.38,1.73,.,5,-7.5
29,55.51,27.59,140.99,103.75,51.77,74.28,,7.16,11.56,4.14,4.85,9.88,2.83E+11,1.17E+11,288.75,0.76,0.69,.,7,63
30,235,115.01,173.04,134.02,39.6,11.17,,4.68,22.88,0.29,0.24,0.83,92286259000,33799358000,184.4,0.36,1.26,128.66,7,-5.88
31,54.78,54.21,629.87,,7.31,29.86,409.28,287.14,4.4,2.36,1.47,26.35,6.79E+11,92975488000,1072.61,0,1.6,.,6,0.87
32,262.66,262.66,32.16,7.29,9.37,16.39,13.14,,4.05,5.58,5.36,8.02,1.08E+11,81673571000,2513.56,0,0.99,3131.88,3,10.7
33,191.02,133.84,52.65,17.38,10.44,21.4,33.04,5.7,3.8,7.18,6.23,10.46,1.29E+11,84424194000,3044.74,0.17,1.05,3044.74,3,21.34
34,67.05,65.71,133.05,75.85,41.64,3.73,73.42,251.96,11.63,4.88,6.43,11.6,1.22E+12,5.22E+11,516.9,0,0.74,483.27,5,5.73
35,437.83,389.87,16.77,0.06,0.07,3.27,15.7,13.62,4.9,9.89,12.39,11.48,1.89E+11,1.62E+11,707936.17,0,0.76,1071565.09,2,10.25
36,261.93,261.69,23.04,,,9.29,18.32,1154.03,277.7,12.18,26.39,15.07,3.69E+12,3.00E+12,266119.86,0,0.44,262381.08,3,9.1
37,244.17,244.03,42.43,10.52,11.4,30.79,39.5,4000.52,11.98,21.03,30.01,29.98,3.38E+12,2.38E+12,18109.18,0,0.63,18190.99,3,24.02
38,76.09,62.77,62.26,48.4,74.27,-9.69,-93.16,11.63,3.23,0.48,1.03,0.83,2.83E+11,1.74E+11,586.37,0.39,0.47,499.42,6,-0.65
39,196.58,145.04,52.49,0.01,0.02,10.23,37.55,11.22,6.45,8.81,4.53,13.61,3.76E+11,2.46E+11,24096.34,0,1.85,22354.66,1,10.53
40,235.38,235.38,37.91,2.02,6.48,32.35,88.38,,3.86,5.24,4.97,8.39,2.05E+11,1.48E+11,2074.51,0.02,0.85,2116.4,4,64.38
41,178,166.72,242.62,141.44,49.19,4.84,,14.9,1.4,-7.14,-10.03,-20.65,4.60E+12,1.34E+12,-428.18,0.39,0.67,-392.1,9,13.89
42,108.2,90.29,148.65,112.96,38.77,4.33,-9.02,12.14,6.27,2.28,1.92,5.7,7.63E+11,3.07E+11,757.04,0.86,1.15,735.32,8,7.85
43,492.81,490.22,12.95,5.53,9.07,28.75,,242.04,2.88,0.98,1.81,1.1,61317088000,54289010000,993.79,0.06,0.54,567.96,4,0.54
44,207.1,153.32,131.47,38.48,14.05,25.32,62.54,6.45,3.62,7.5,6.22,16.34,2.71E+12,1.17E+12,1916.22,0.09,1.07,1916.39,6,29.07
45,118.14,87.76,144.76,88.23,25.92,-11.95,28.72,9.71,3.82,6.31,4.21,17.03,4.54E+11,1.86E+11,646.63,0.55,1.54,968.41,5,-5.29
46,70.71,64.82,210.26,54.19,100.79,32.04,195.42,10.25,1.74,1.3,6.59,3.78,9.70E+11,3.13E+11,185.25,0.46,0.18,184.13,7,18.74
47,86.7,67.11,67.09,53.58,139.23,3018.86,-97.02,9.33,5.53,2.86,12.58,4.52,1.40E+12,8.38E+11,417.77,0.07,0.22,629.54,6,12.29
48,85.66,47.12,151.73,59.56,43.98,-22.02,,3.49,10.34,-9.52,-19.42,-22.7,1.36E+12,5.39E+11,-504.46,0.11,0.51,-510.9,8,-7.71
49,41.21,37.25,133.62,120.91,156.07,1.2,3.38,29.38,7.01,3.48,9.71,9.02,6.13E+11,2.62E+11,191.12,0.28,0.32,599.6,6,26.45
50,99.82,99.82,48.2,0.62,1.25,5.62,,,119.5,-26.89,-125.71,-37.13,2.38E+11,1.61E+11,130890.66,0.01,0.17,159575.31,5,73.91
51,233.93,159.28,49.15,15.74,15.51,0.26,37.5,5.86,2.85,3.5,4.89,5.29,1.40E+11,94005783000,1101.93,0.09,0.72,1136.55,2,-0.42
52,114.85,75.93,64.69,5.92,4.82,1.73,21.28,9.8,5.82,8.72,7.63,14.62,3.92E+11,2.38E+11,5585.36,0.06,1.12,.,2,4.75
53,652.45,648.48,14.41,,,17.23,3.1,247.79,5.89,6.9,13.64,7.92,1.20E+11,1.05E+11,,0,0.5,.,2,3.84
54,44.53,25.92,216.83,170.37,97.37,-16.87,,7.26,5.14,-10.91,-20.62,-32.3,5.98E+12,1.89E+12,-90.13,0.38,0.58,-59.93,10,-17.05
55,67.61,55.62,7308.44,3374.07,52.71,-3.44,,7.92,2.33,-20.94,-26.39,-220.13,1.73E+13,2.33E+11,-7313.6,13.58,0.78,-6982.51,10,3.87
56,101.99,63.29,97.21,42.2,16.18,-18.13,0.96,9.44,7.4,3,2.39,6.2,7.10E+11,3.60E+11,492.57,0.16,1.29,749.09,5,-5.68
57,207.44,83.46,67.78,30.64,10.17,2.75,-9.85,6.96,12.5,5.07,2.87,8.54,7.99E+11,4.76E+11,1266.2,0.03,1.72,1857.85,3,5.16
58,289.94,223.7,34.02,16.21,16.24,6.97,28.94,6.15,3.84,9.77,13.4,13.11,2.31E+11,1.72E+11,3260.31,0.04,0.7,.,2,7.57
59,78.13,22.49,187.78,136.06,48.37,2.69,30.34,5.6,11,4.56,4.22,14.52,4.20E+11,1.46E+11,406.95,0.54,1.08,397.49,6,0.4
60,139.24,125.72,148.1,,,6.06,16.22,51.72,4.25,4.64,1.6,11.19,9.42E+11,3.80E+11,1287292.55,0,2.77,1757461.7,4,9.6
61,78.79,71.6,143.2,42.68,6.29,10.09,-15.78,76.54,8.69,5.55,1.95,14.12,1.14E+11,47022539000,1490.16,0.38,2.67,1789.14,4,14.94
62,147.55,113.98,40.86,0.21,0.09,-10.75,-51.08,18.98,8.97,5.8,3.63,8.54,42532149000,30193740000,128091.76,0,1.67,.,2,-7.62
63,142.62,113.78,248.08,78.99,23.19,-0.22,-19.3,7.92,2.7,1.12,1.11,4.03,9.56E+12,2.75E+12,174.92,0.23,1.03,184.61,6,-3.31
64,110.84,101.78,215.78,154.44,24.07,-15.33,-52.8,42.06,4.49,1.02,0.48,3.47,7.47E+12,2.37E+12,679.4,0.76,2.26,727.08,6,-13.4
65,204.19,202.26,41.41,12.12,11.18,0.58,34,217.53,5.89,10.88,11.88,16.02,6.98E+11,4.94E+11,4666.28,0,0.9,4753.97,3,4.19
66,208.47,158.79,30.43,10.98,8.82,-11.9,46.19,9.24,6.27,7.49,6.95,10.03,1.62E+13,1.24E+13,5966.53,0.08,1.07,6715.9,2,2.13
67,103.11,68.42,101.99,68.39,34.33,20.61,22.72,12.33,10.97,10.84,10.09,22.74,2.95E+12,1.46E+12,1454.89,0.02,1.03,2149.18,4,9.69
68,128.39,95.18,135.75,87.4,18.11,5.77,-54.09,17,8.95,4.38,2.24,9.91,6.55E+12,2.78E+12,966.41,0.32,1.8,1430.71,3,18.16
69,149.9,144.69,113.55,94.51,23.23,17.94,63.67,111.49,7.06,15.16,7.79,32.41,1.67E+11,78432584000,497.65,0.81,1.73,583.18,5,29.04
70,287.34,279.37,23.05,,,2.63,-22.45,43.39,33.81,6.58,10.93,8.09,1.53E+12,1.24E+12,6906.81,0,0.58,6522.59,3,6.64
71,8.7,8.7,16.64,13.92,280.29,-45.09,-43.62,,180.79,3.2,69.95,3.8,9.80E+11,8.41E+11,894.85,0.08,0.05,7999.18,5,1.08
72,71.55,53.51,334.73,197.13,42.29,15.94,184.61,17.89,6.78,1.85,1.69,8.19,7.33E+11,1.69E+11,324.72,0.06,1.08,323.02,4,3.36
73,205.85,204.69,34.43,,,3.89,-3.86,493.38,104.28,15.73,16.77,22.48,4.50E+11,3.35E+11,55137.8,0,0.9,54391,2,8.61
74,103.95,80.25,1237.15,798.49,83.44,4.59,,7.76,2.31,-0.35,-0.49,,1.42E+12,1.06E+11,17.43,1.15,0.74,16.46,8,-4.49
75,197.34,170.9,35.62,,,2.32,59.88,26.87,8.07,7.04,3.26,9.9,2.11E+11,1.56E+11,8121.72,0,2.18,.,3,-2.29
76,209.67,184.76,45.86,0.2,0.05,9.98,-29.39,34.19,8.19,3.87,1.64,5.58,2.07E+11,1.42E+11,17268.65,0,2.33,30018.36,3,2.44
77,96.37,34.66,508.35,310.61,62.25,-14.25,,1.51,6.22,-30.67,-43.87,-105.31,1.03E+11,16920782000,-862.71,1.19,0.8,-835.71,9,-22.87
78,271.5,147.28,33.97,6.72,8.82,0.28,,3.23,3.29,3.96,6.24,5.34,1.71E+11,1.27E+11,4594.78,0.07,0.63,.,3,3.38
79,426.22,426.22,2.03,,,0.42,-22.85,,9.13,2.51,24.95,2.57,4.19E+11,4.11E+11,130498.17,0,0.1,1000913.15,2,0.82
80,197.95,145.63,48.53,0.06,1.16,11.86,70.84,7.26,4.28,8.71,8.91,13.54,9.13E+11,6.15E+11,25684.06,0,0.96,35830.03,2,4.44
81,84.87,74.01,188.65,73.86,22.68,-4.02,,26.1,4.83,-1.36,-1.25,-3.86,2.59E+13,8.96E+12,-7.25,0,1.1,493.06,6,-1.58
82,171.33,37.45,158.21,53.53,27.99,6.71,,2.37,9.01,-13.48,-22.78,-30.75,2.53E+11,97843030000,-689.37,0.33,0.62,-125.97,7,-8.15
83,77.8,75.24,55.76,26.74,50.94,2.01,0.22,50.71,40.01,4.96,14.06,7.91,5.34E+11,3.43E+11,1106.42,0.09,0.35,1118.91,3,3.01
84,942.52,649.72,11.86,,,-20.17,-58.18,4.28,3.82,1.76,3.06,1.99,77899922000,69640386000,,0,0.58,.,3,-0.94
85,102.5,74.82,274.74,230.25,53.56,-7.7,,6.99,10.19,-0.98,-0.8,-3.94,89999597000,24016626000,124.3,1.73,1.35,.,9,-18.4
86,329.36,302.73,40.15,26.06,22.39,-16.17,-13.14,21.82,7.25,5.2,6.06,7.45,6.60E+11,4.71E+11,1146.16,0.03,0.88,1189.55,3,-5.64
87,257.26,164.94,66.3,47.57,23.5,10.08,54.86,6.85,7.55,6.58,6.15,10.46,8.19E+11,4.93E+11,1687.5,0.01,0.98,1334.86,4,20.82
88,159.82,159.15,55.5,20.16,76.17,27.58,-35.03,148.09,3.23,0.41,1.42,0.67,58354657000,37526424000,207.83,0.2,0.26,.,5,25.44
89,245.48,184.88,108.27,96.75,54.16,-24.8,-42.71,5.81,2.65,0.96,1.52,1.62,1.42E+11,68161332000,407.25,0.17,0.48,204.64,6,93.07
90,78.65,64.25,143.32,94.55,54.5,-13.02,,12.68,3.53,-1.37,-1.93,-3.33,3.32E+12,1.37E+12,83.43,0.37,0.72,289.88,6,-2.68
91,71.17,51.63,88.52,46.99,19.49,-12.61,-72.75,12.91,8.7,1.7,1.61,3.05,2.19E+11,1.16E+11,307.57,0.36,1.01,.,5,11.29
92,16.4,14.99,353.21,304.1,122.03,3.74,0.47,69.05,12.68,2,3.67,8.81,1.00E+12,2.21E+11,189.82,0.49,0.51,186.98,3,15.49
93,494.35,494.35,7.7,7.56,234.31,-15.4,-20.45,,,2.07,68.91,2.23,5.69E+11,5.29E+11,196420.49,0,0.03,840107.56,2,0.43
94,70.49,38.03,340.86,248.14,99.95,-1.91,,3.19,3.78,-4.82,-8.68,-20.73,2.99E+11,67881730000,-165.13,0.49,0.6,-210.51,9,-14.45
95,140.38,79.66,66.94,30.71,9.01,8.81,20.86,6.3,29.14,4.7,3.44,7.58,14290379000,8560059000,2634.31,0.31,1.27,2263.55,5,17.25
96,104.32,78.56,163.12,114.86,68.83,22.21,46.5,5.19,1.41,15.75,24.13,40.85,1.60E+11,60758468000,2419.26,0.74,0.56,1587.39,4,37.7
97,140.73,91.92,658.43,381.44,77.44,-10.9,,3.1,2.68,3.78,5.75,,9.34E+11,1.23E+11,22.95,1.2,0.68,.,8,-6.05
98,353.09,282.41,30.13,,,-10.62,842.05,11.26,14.77,5.93,3.67,7.71,2.29E+11,1.76E+11,,0,1.56,.,4,8.31
99,68.93,56.25,58.46,28.74,27.05,-6.84,-39.51,18.95,4.46,1.53,2.43,2.41,1.82E+11,1.15E+11,647.09,0.24,0.62,.,5,2.24
100,91.68,83.31,203.95,9.62,4.27,35.93,64.22,20.99,7.7,4.91,4.36,17.76,1.75E+12,5.77E+11,1740.89,0.09,1.09,1731.8,5,7.85
101,7.46,7.46,22.9,19.92,539.33,-29.73,-41.92,,,1.62,53.54,2,5.86E+12,4.77E+12,433.99,0.02,0.03,4821.12,4,-0.68
102,164.27,160.52,121.25,24.86,2.84,-1.54,1335.54,191.74,7.51,5.55,2.54,13.16,1.41E+11,63795828000,10247.92,0.03,2.3,11523.19,4,-9.39
103,311.81,286.15,26.35,,,25.71,53.91,15.87,3.96,12.03,12.63,15.12,3.28E+11,2.60E+11,,0,0.89,.,3,15.69
104,230.64,154.57,44.06,21.62,41.54,8.13,,2.33,0.99,4.55,11.71,7.11,69871814000,48500710000,-255.36,0.14,0.37,-285.1,6,8.67
105,124.54,63.29,51.82,27.78,28.68,-12.3,-62.82,3.02,4.38,0.88,1.54,1.25,2.45E+11,1.62E+11,1246.79,0.25,0.53,2773.66,3,17.71
106,264.92,223.77,33.91,11.17,23.54,6.12,38.94,6.91,1.7,7.67,13.53,11.01,2.40E+11,1.79E+11,4622.77,0,0.58,4122.58,3,-3.46
107,88.32,35.01,146.6,57.15,12.71,3.25,69.25,7.72,12.34,5.61,2.54,14.38,3.02E+11,1.22E+11,804.13,0.57,2.16,851.01,5,5.22
108,398.14,251.14,16.98,,,6.92,1385.89,6.88,8.66,2.56,2.07,2.99,9.89E+11,8.45E+11,,0,1.22,.,3,3.28
109,215.28,146.48,44.25,17.28,8.02,4.48,-16.03,9.91,9.41,4.05,2.95,5.83,1.29E+12,8.93E+11,1953.23,0.04,1.33,.,3,7.91
110,439.63,385.78,19.24,0.03,0.19,-2.98,-35.46,17.09,11.67,4.07,3.06,4.86,6.16E+11,5.17E+11,73186.8,0,1.29,74996.36,2,6.54
111,155.06,130.32,38.54,5.54,4.04,4.29,69.23,13.77,12.1,5.27,6.13,7.26,2.26E+12,1.63E+12,7503.34,0.05,0.83,8428.81,2,6.65
112,69.57,64.5,93.22,28.7,6.34,-4.16,-4.77,94.66,8.41,4.03,1.62,8.26,3.84E+11,1.99E+11,1314.57,0.14,2.57,3024.32,3,-6.2
113,59.44,46.67,79.35,31.98,17.63,-7.06,,20.81,10.44,-2.12,-2.12,-3.77,2.81E+11,1.57E+11,516.52,0.32,1.01,533.11,5,-1.92
114,75.02,57.02,119.43,84.69,43.45,12.8,255.83,11.53,4.37,2.72,3.1,5.77,56866104000,25915336000,305.49,0.33,0.83,262.34,5,15.7
115,145.22,74.86,139.19,108.05,40.05,-2.69,,5.32,7.06,-1.1,-0.98,-2.59,1.00E+12,4.19E+11,86.8,0.3,1.12,148.03,7,-0.98
116,90.97,90.97,10.55,9.35,240.86,5.2,4.66,,,1.49,42.63,1.66,2.95E+12,2.67E+12,552.43,0,0.04,12802.49,3,-0.91
117,74.71,54.72,68.75,53.51,64.04,-5.89,194.76,16.34,6.85,1.08,2.17,1.82,1.42E+12,8.44E+11,635.3,0.05,0.5,1998.53,5,-0.28
118,122.3,97.04,51.17,23.57,32.66,4.14,33.74,11.22,6.81,0.91,2.07,1.35,4.23E+12,2.80E+12,703.88,0.04,0.42,853.55,5,8.33
119,63.33,45.63,79.41,44.6,33.28,2.43,35.95,15.56,6.82,4.9,6,9.15,5.27E+11,2.94E+11,768.75,0.17,0.82,1770.42,3,-0.03
120,127.87,85.44,105.07,63.98,26.63,2.95,-22.37,9.84,12.06,3.82,3.46,7.61,1.61E+12,7.84E+11,1001.15,0.2,1.03,914.05,4,16.91
121,193.62,133.71,59.79,34.04,12035.74,-99.85,99.38,0.01,0.01,5.78,3923.34,9.13,2.53E+11,1.58E+11,,0.18,0,,5,9.55
122,160.42,125.32,57.89,14.39,6.58,4.85,7.17,16.25,15.41,7.86,5.14,12.66,1.23E+12,7.80E+11,4004.18,0.05,1.49,4501.43,2,6.11
123,110.1,84.57,102.46,73.17,28.82,0.46,-41.56,8.88,5.51,3.27,2.64,6.82,1.45E+11,71846973000,702.39,0.73,1.25,646.96,5,-1.72
124,195.78,136.99,51.25,18.83,13.26,-5.34,,6.63,5.96,-2.07,-1.82,-3.18,2.35E+11,1.56E+11,558.8,0.17,1.18,554.13,5,-6.8
125,95.94,36.09,109.74,41.74,47.01,3.46,66.17,2.22,7.18,3.84,6.71,8.86,2.19E+11,1.04E+11,336.36,0.08,0.56,325.9,3,3.99
126,81.98,64.48,64.9,42.14,47.2,-6.1,-33.84,11.02,6.26,3.53,6.58,5.85,3.48E+12,2.11E+12,558.5,0.09,0.54,184.8,3,-0.89
127,0.74,0.74,85.23,85,1879.94,-35.09,-39.9,,,1.04,42.37,1.93,1.78E+12,9.61E+11,148.9,0.41,0.02,530.95,5,0.15
128,114.03,84.92,79.97,45.93,45.61,5.34,225.32,9.7,9.24,2.11,3.94,3.72,4.24E+12,2.36E+12,639.53,0.06,0.52,621.41,5,7.55
129,52.67,44.08,145.32,81.21,67.61,3.59,51.19,14.34,3.39,1.42,2.84,3.46,3.34E+12,1.36E+12,286.62,0.32,0.5,310.31,4,0.97
130,214.52,162.72,20.6,14.04,27.4,-6.46,-11.09,6.18,11.26,2.92,6.32,3.58,7.37E+11,6.11E+11,4857.68,0.14,0.46,6837.5,3,0.23
131,355.44,166.2,23.79,5.99,7.82,-0.27,,3.6,4.92,-0.34,-0.56,-0.43,49528866000,40009910000,2112.87,0.03,0.63,.,2,-3.82
132,46.31,39.9,27.69,,,-2.43,-63.54,19.68,13.93,5.42,10.55,6.95,5.53E+11,4.33E+11,50519.96,0,0.5,50140.23,3,4.38
133,42.79,28.38,613.5,511.93,80.89,-2.74,,6.7,4.17,-9.09,-10.41,-57,4.49E+11,62900370000,36.7,3.42,1,22.74,10,-21.9
134,105.94,88.4,36.69,32.34,47.66,2.86,67.7,9.52,4.7,9.45,15.37,14.07,78691328000,57569789000,1269.66,0.31,0.64,1269.41,4,-7.7
135,52.88,52.85,32.65,28.47,182.09,-12.84,-69.36,16513.38,10.05,4.83,29.42,7.39,3.96E+11,2.98E+11,504.47,0.03,0.16,867.47,4,1.67
136,89.62,38.5,36.91,26.93,31.95,-22.43,,3.15,8.32,-3.85,-7.44,-5.09,1.99E+11,1.46E+11,-1529.53,0.27,0.52,-385.01,6,-0.85
137,52.61,50.25,168.15,87.36,30.13,9.37,,76.61,7.06,1,0.93,2.68,3.11E+11,1.16E+11,81.66,0.56,1.04,419.76,6,7.1
138,440.8,393.04,11.78,3.3,23.84,24.91,,9.36,2.49,-6.36,-25.38,-7.31,1.02E+11,91344414000,-1241.12,0,0.25,.,6,3.29
139,70.94,41.05,117.21,85.46,61.84,-0.17,,5,5.18,-0.69,-1.12,-1.48,3.81E+11,1.76E+11,101.01,0.77,0.62,73.84,7,1.94
140,337.95,213,14.76,5.84,9.23,2.8,107.13,5.06,8.69,2.2,3.87,2.54,5.62E+11,4.90E+11,5159.3,0.04,0.57,7715.7,3,-0.11
141,62.42,28.91,74.55,43.67,46.86,-6.8,,4.57,8.64,-1.59,-2.95,-2.74,1.70E+11,97674030000,-70.4,0.23,0.54,-306.88,6,-1.17
142,132.15,121.14,25.74,18.21,49.4,140.54,,20.83,2.86,2.24,6.01,2.93,35881941000,28537642000,171.07,0,0.32,246.12,5,39.32
143,56.73,36.65,159.04,102.85,39.31,-5.85,71.86,12.87,7.99,4.1,3.96,11.12,7.75E+12,2.99E+12,479.65,0.29,1.04,962.81,5,-0.12
144,153.03,96.94,146.05,99.44,153.85,,,2.4,1.9,-0.85,-3.23,-2.09,6.70E+11,2.72E+11,-133.84,0.1,0.26,-44.6,7,
145,2.23,2.23,111.56,102.34,911.97,-7.13,,,123.52,0.25,4.92,0.53,1.09E+12,5.13E+11,124.29,0.47,0.05,147.52,6,1.76
146,362.84,307.21,16.75,1.25,2.19,-15.33,,11.19,7.43,1.19,1.68,1.41,2.55E+12,2.18E+12,161.03,0.01,0.71,3962.34,3,-0.85
147,34.62,34.14,184.24,75.17,28.65,-22.02,49.03,151.44,6.64,0.61,0.49,2.05,3.26E+11,1.15E+11,243.7,0.66,1.35,512.87,6,-13.53
148,482.8,269.73,12.91,,5.64,-6.17,304.06,4.18,5.4,5.14,5.2,6.2,1.68E+11,1.48E+11,-1192.47,0,1.03,-2325.76,4,-7.11
149,77.56,20.78,78.33,49.71,90.03,1.73,-25.72,2.73,10.49,2.22,7.98,3.79,6.94E+11,3.89E+11,526.63,0.14,0.26,511.12,5,13.81
150,270.56,270.56,33.24,,2.4,62.85,,266.03,8.23,3.49,3.47,5.1,66270377000,49739042000,985.71,0,0.81,802.25,4,63.52
151,162.39,69.86,41.25,17.64,11.38,-7.39,,4.68,9.26,0.91,0.84,1.29,2.91E+11,2.06E+11,1004.45,0.18,1.08,823.06,5,0.9
152,254.93,254.65,15.23,3.42,6.99,35.41,-25.38,965.98,3.63,3.13,5.96,3.75,2.52E+11,2.19E+11,3443.78,0.03,0.37,2539.53,3,312.65
153,1052,1051.11,7.84,,36.67,-20.59,277.43,129.46,2.7,17.67,72.19,21.48,46165041000,42810528000,-864.21,0,0.22,-1607.22,2,23.5
154,112.68,83.99,130.59,88.88,70.65,3.33,,4.42,1.46,-10.6,-18.77,-27.32,1.58E+11,68703721000,-1113.54,0.26,0.53,-1167.73,9,15.78
155,291.66,185.95,35.3,24.82,24.42,8.57,7.94,3.18,4.6,3.67,5.1,4.96,3.03E+11,2.24E+11,1403.15,0.25,0.71,1429.56,5,4.13
156,479.14,237.52,11.16,1.31,3.72,-7.42,-9.44,3.49,5.28,3.66,4.03,4.18,1.97E+11,1.77E+11,6903.36,0.01,0.92,7757.02,2,-1.63
157,58.2,32.08,87.49,45.6,105.62,19.75,51.76,8.52,9.62,1.7,7.02,3.27,1.26E+12,6.72E+11,438.19,0.14,0.24,441.95,4,-1.22
158,94.57,63.39,48.58,30.85,51.22,0.19,,6.32,5.36,-1.56,-4.12,-2.27,6.51E+11,4.38E+11,-118.18,0.26,0.38,397.91,6,1.84
159,129.69,92.41,104.73,84.02,108.5,-15.65,,4.37,3.86,4.9,11.54,10.99,2.55E+12,1.25E+12,42.89,0.09,0.41,278.1,5,8.95
160,27.98,10.21,182.47,144.51,122.5,-4.52,,4.15,4.86,-4.61,-10.78,-13.2,5.13E+11,1.81E+11,-105.62,1.42,0.42,-111.06,8,2.71
161,689.14,680.3,17.93,12.13,186.1,-54.17,1.85,28.87,3.57,3.39,49.36,4.14,1.54E+12,1.30E+12,834.29,0.01,0.06,1971.86,4,17.37
162,678.26,472,11.45,0.09,0.12,337.66,758.71,3.88,14.62,3.43,5.88,3.81,3.11E+11,2.79E+11,11951.21,0,0.57,10515,3,5.06
163,126.63,35.24,92.5,23.63,11.9,5.77,77.01,3.34,10.24,3.67,3.19,7.3,2.26E+11,1.17E+11,866.21,0.24,1.15,.,4,-0.02
164,261.72,186.7,35.53,19.84,15.24,-3.36,41.13,5.84,4.11,6.08,5.76,8.45,1.56E+11,1.15E+11,3879.68,0.16,1.04,4176.03,3,2.69
165,262.3,262.3,3.32,,6.78,-31.69,-28.22,,,3.34,76,3.46,4.30E+11,4.16E+11,59405.23,0,0.04,916900.07,2,5.08
166,153.42,38.13,121.5,31.02,14.28,-8.43,,1.92,7.21,-3.39,-3.42,-7.51,1.67E+11,75386331000,-431.25,0.31,1.03,-430.72,7,-10.31
167,123.89,98.04,55.7,38.48,19.25,24.98,,15.11,5.76,-0.81,-0.73,-1.2,2.63E+11,1.69E+11,-156.8,0.35,1.07,684.35,6,10.27
168,185.99,173.99,104.76,93.97,83.98,12.06,,9.5,4.58,-52.5,-189.76,-91.08,27227764000,13297174000,-1513.11,0,0.29,-1535.3,8,-11.28
169,155.22,106.29,48.11,25.78,18.47,-16.06,222.79,11.58,11.64,13.74,11.39,21.87,1.46E+12,9.88E+11,4679.59,0.05,1.17,4701.34,4,5.95
170,327.46,266.16,24.23,15.36,23.55,-11.89,103.16,5.04,3.18,2.86,5.29,3.57,2.22E+11,1.79E+11,1284.89,0.15,0.57,2491.61,3,-8.19
171,128.58,53.34,66.24,28.36,36.22,-22.99,,2.11,7.51,-0.7,-1.59,-1.13,1.21E+11,72718525000,-99.51,0.26,0.43,-42.44,7,2.06
172,7539.15,7539.15,17.43,,,10.87,,,3.87,0.01,0.92,0.01,1.73E+11,1.48E+11,-10807975,0,0.01,89434325,4,-0.64
173,112.51,36.12,196.32,148.91,38.28,5.53,,3.43,16.09,-1.69,-1.36,-4.88,5.44E+11,1.84E+11,111.87,0.8,1.24,169.54,7,1.56
174,95.3,57.41,195.78,167.73,35.18,-13.09,13.41,9.3,5.38,8.9,5.2,28.98,66242141000,22395455000,1040.81,0.98,1.55,1310.31,5,24.07
175,314.91,236.9,17.23,,2.59,-10.4,103.47,10.45,5.25,13.16,14.9,15.56,61966495000,52860694000,9950.82,0,0.84,17511.86,2,10.62
176,94.16,30,155.99,97.93,135.08,,,0.87,0.81,2.38,8.4,6.09,48498087000,18945432000,125.84,0.97,0.28,.,8,
177,30.8,30.8,47.28,42.14,345.15,21.75,619.68,,,3.16,56.44,4.1,1.74E+11,1.18E+11,1024.18,0.11,0.05,31665.68,4,32.21
178,236.25,219.75,30.01,24.15,16.87,-19.77,,41.63,2.54,4.55,3.87,6.06,55673618000,42823721000,572.72,0.24,1.16,578.85,3,2.85
179,150.28,123.12,67.19,35.91,23.79,2.49,,9.38,4.84,9.02,9.78,15.79,1.63E+11,97749837000,1312,0.28,0.91,1635.12,4,1.8
180,120.81,83.94,63.83,47.43,38.94,11.43,476.89,5.99,4.2,0.75,1.07,1.19,4.54E+11,2.77E+11,281.85,0.27,0.68,413.55,6,6.23
181,71.52,42.32,229.76,143.84,58.09,12.55,,4.73,3.5,-1.34,-1.85,-3.93,2.67E+11,80897621000,212.73,0.79,0.67,710.73,4,16.5
182,93.53,58.35,239.26,164.87,34.8,10.91,442.21,5.88,4.41,1.64,1.33,5.77,5.14E+11,1.51E+11,465.85,1.57,1.21,765.25,8,4.18
183,313.68,223.67,86.03,51.79,26.74,-19.12,,4.72,3.35,-30.06,-31.09,-57.42,43249235000,23248897000,-1034.82,0,1.01,-1034.82,7,-8.64
184,53.91,32.88,155.13,88.45,24.81,3.16,,13.5,8.95,-0.41,-0.3,-1.06,5.10E+11,2.00E+11,84.5,0.51,1.33,100.81,7,9
185,75.62,48.25,209.8,179.48,93.36,-2.21,,6.55,5.27,0.55,0.89,1.67,9.28E+11,3.00E+11,149.07,0.53,0.6,371.86,8,4.23
186,53.85,53.85,5.37,,53.12,,,,16.02,-0.38,-21.42,-0.88,6.10E+11,5.79E+11,5000.98,0,0.04,22596.39,5,-66.9
187,171.41,123.6,33.47,11.53,11.62,-0.49,,13.93,5.87,-0.21,-0.27,-0.27,2.98E+11,2.23E+11,468.7,0.03,0.77,572.72,4,2.86
188,198.43,128,32.09,16.05,12.55,-2.89,120.75,6.96,3.67,1.27,1.49,1.65,6.36E+11,4.81E+11,1595.19,0.16,0.84,2848.64,4,3.58
189,150.36,49.62,69.06,30.71,17.3,22.8,-13.3,3.48,7.09,3.62,3.16,6.17,3.28E+11,1.94E+11,730.37,0.15,1.13,732.64,5,3.17
190,56.23,42.23,251.24,20.42,8.67,2.81,,6.7,6.44,-9.02,-13.24,-28.61,1.45E+11,41323522000,-4812.13,0.04,0.75,-4912.9,8,-15.81
191,48.02,25.48,245.5,172.52,96.09,15.02,,3.26,5.35,-8.9,-17.55,-27.97,4.79E+11,1.39E+11,-165.56,1.29,0.51,-287.62,10,0.31
192,171.55,114.17,26.25,8.66,13.14,-0.21,,9.44,6.61,-4.44,-6.72,-5.59,5.44E+11,4.31E+11,673.86,0.04,0.68,-58.4,4,-5.75
193,72.49,57.35,68.97,34.1,17.91,-0.96,,23.72,6.57,-3.41,-2.88,-5.61,2.11E+11,1.25E+11,612.65,0.25,1.16,.,5,4.82
194,181.55,132.96,63.66,35.74,31.95,-3.48,54.5,7.61,3.36,2.59,3.21,4.45,5.15E+11,3.15E+11,624.51,0.14,0.85,.,4,-9.01
195,211.59,143.27,28.92,15.62,12.63,-7.6,,6.74,6.46,-4.46,-6.71,-5.47,1.15E+11,89076768000,-596.79,0.07,0.67,.,5,-1.35
196,60.64,53.89,61.21,40.64,34.97,-7.82,-12.59,27.86,5.23,2.61,3.93,4.16,5.04E+11,3.13E+11,179.07,0.34,0.64,66.66,6,6.91
197,68.18,36.1,239.49,152.18,34.83,1.52,44.55,6.87,6.2,2.34,1.92,8.28,1.45E+11,42642805000,280.83,1.25,1.22,.,7,-0.81
198,74.8,38.04,112.43,88.8,76.64,-1.59,,4.7,7.37,1.2,2.21,2.54,1.16E+12,5.46E+11,298.66,0.31,0.54,273.37,5,1.16
199,529.42,458.49,17.63,4.62,3.91,4.58,20.78,9.26,9.56,4.27,5.22,4.98,1.90E+11,1.62E+11,7260.16,0.02,0.8,.,3,5.35
200,39.57,29.14,4990.1,3420.29,75.43,-2.05,,10.61,5.04,-19.96,-23.41,-529.31,1.70E+11,3342561000,-159.13,26.82,0.87,.,10,-3.85
201,165.52,135.41,27.25,3.46,6.62,-1.67,,14.29,9.35,-4.83,-6.48,-6.06,3.02E+11,2.38E+11,2924.08,0,0.75,3107.78,4,-2.01
202,95.63,95.14,94.71,14.69,47.7,-2.21,-98.03,209.04,2.95,0.39,1.76,0.83,6.91E+11,3.55E+11,430.92,0,0.24,611.24,7,-13.45
203,294.95,240.46,21.05,0.77,0.4,0.13,-14.5,19.04,9.14,6.33,3.89,7.77,78701061000,65012970000,38695.95,0.01,1.59,.,2,4.95
204,231.72,220.06,21.91,,0.18,0.74,1.34,44.79,21.4,5.89,6.21,7.27,7.81E+11,6.40E+11,8831.32,0,0.96,8261.91,3,-2.56
205,144.63,120.43,87.17,46.53,24.55,9.95,65.32,12.01,3.1,8.63,6.86,18.18,1.17E+11,62247793000,808.49,0.45,1.22,1124.78,4,6.07
206,136.14,135.66,102.47,32.2,13.34,-17.8,49.9,981.98,5.84,0.86,0.74,1.78,2.43E+12,1.20E+12,3914.53,0,1.19,5697.24,6,-3.91
207,200.11,151.72,43.62,16.95,10.34,5.6,237.94,10.01,5.61,9.46,7.29,13.84,5.66E+11,3.94E+11,3904.32,0.08,1.25,4695.65,3,8.79
208,61.98,52.83,237.17,168.15,49.85,10.51,-18.28,14.95,4.19,1.55,1.53,5.02,1.57E+11,46703110000,298.49,1.22,0.97,249.39,7,8.5
209,251.3,161.72,33.87,12.07,4.77,-6.12,12.6,8.9,10.52,3.95,1.74,5.43,5.16E+11,3.86E+11,5401.7,0.12,2.28,.,3,-0.73
210,54.93,48.07,166.97,108.98,42.53,2.2,487.04,26.66,3.93,11.24,11.33,31.99,7.44E+11,2.79E+11,198.47,0.77,0.91,1240.42,5,19.6
211,247.26,247.26,3.51,,,-0.28,-4.08,,,4.25,60.25,4.41,8.21E+12,7.93E+12,98214.43,0,0.07,283238.56,2,1.92
212,331,165.58,22.96,0.31,3.21,-2.4,55.39,4.65,6.32,5.75,6.16,7.29,1.66E+11,1.35E+11,6432.57,0,0.92,11134.6,2,2.32
213,37.29,34.05,164.09,123.23,155.52,-9.41,,5.86,3,-4.35,-12.75,-13.45,3.07E+11,1.16E+11,103.22,0.94,0.42,.,7,-31.59
214,130.26,98.95,31.37,15.76,19.12,-27.68,,9.72,3.74,-2.82,-4.65,-3.73,1.52E+11,1.16E+11,-901.7,0.11,0.62,-2409.63,6,-5
215,379.52,311.55,25.69,7.52,3.83,-5.77,-18.82,16.9,6.7,11.33,5.91,14.52,1.14E+11,90740136000,8500.23,0.08,1.88,8519,2,4.54
216,143.71,94.69,26.98,12.77,17.22,-9.25,-37.35,7.65,6.37,2.05,3.44,2.62,89871498000,70774965000,508.5,0.13,0.59,3795.29,3,3.26
217,167.37,128.01,85.07,59.88,75.51,-5.27,,6.02,4.24,-3.57,-8.79,-6.52,5.23E+12,2.83E+12,-146.26,0.06,0.42,-251.32,7,-4.43
218,180.54,139.14,43.37,26.65,30.02,-3.58,83.97,7.39,5.21,8.72,12.35,12.75,7.70E+11,5.37E+11,1670.36,0.21,0.67,2063.72,4,12.12
219,89.7,58.21,68.07,49.96,69.66,-45.1,,4.25,4.33,-1.29,-2.82,-2.24,4.37E+11,2.60E+11,-788.65,0.5,0.49,.,8,-12.25
220,70.94,45.95,78.42,51.42,58.65,-8.66,-60.94,9.77,8,0.46,0.96,0.8,6.98E+12,3.91E+12,300.06,0.09,0.47,538.45,6,3.91
221,271.95,225.72,40.88,27.85,25.16,-24.32,285.86,10.18,9.18,8.63,10.27,12.35,1.05E+13,7.47E+12,2351.21,0.05,0.81,2835.87,4,9.14
222,147.27,35.24,53.19,29.57,26.8,2.08,-30.01,1.78,7.91,2.62,4.72,3.79,2.65E+11,1.73E+11,621.13,0.21,0.52,824.64,5,14.83
223,376.89,68.59,19.93,,,2.76,-29.38,1.4,9.66,3.05,5.83,3.62,1.08E+11,89679552000,7342.95,0,0.52,.,3,1.09
224,101.44,30.45,176.68,128.14,67.96,7.26,,1.92,5.04,1.74,2.51,4.94,86659967000,31321335000,203.86,0.85,0.68,.,7,4.08
225,322,239.27,45.61,27.82,29.77,-4.09,6.39,7.8,6.52,2.57,3.8,3.8,1.64E+12,1.12E+12,102.38,0.01,0.71,22.25,4,-8.76
226,137.97,103.5,262.19,189.32,88.82,17.42,,8.73,7.61,12.7,19.12,61.61,1.01E+12,2.78E+11,248.55,0.02,0.66,249.74,5,0.37
227,54.87,24.93,24.83,12.79,36.58,-5.42,,6.55,7.71,-3,-11.54,-3.78,5.16E+11,4.14E+11,-793.31,0.13,0.26,.,6,-1.42
228,243.33,183.93,47.02,28.51,27.64,-7.56,-31.25,4.97,3.23,0.56,0.73,0.83,93367443000,63504713000,165.17,0.21,0.77,104.54,2,-1.21
229,77.21,51.18,140.35,100.86,67,-3.7,,5.31,3.29,5.38,7.88,13.84,7.97E+11,3.32E+11,483.85,0.61,0.69,371.55,6,-1.65
230,658.38,516.81,23.01,,12.62,-1.06,,4.11,3.01,-6.98,-8.9,-10.11,1.17E+11,95161413000,-636.42,0,0.68,-629.33,5,34.3
231,493.89,417.53,17.46,0.04,0.05,-13.52,-3.1,7.91,4.88,7.33,9.66,8.71,3.64E+11,3.10E+11,845594.57,0,0.74,1278585.73,2,4.67
232,96,96,29.42,23.55,155.74,-3.59,-32.25,,,3.44,29.16,4.46,2.97E+11,2.29E+11,617.39,0.11,0.12,1346.73,3,2.28
233,142.18,91.3,46.8,19.06,19.89,-3.06,14.91,6.15,3.31,8.4,10.09,13.03,2.20E+11,1.50E+11,1349.77,0.19,0.84,1470.88,3,-0.66
234,726.97,638.57,18.09,10.6,33.54,25.33,,4.71,2.15,1.09,3,1.34,81444812000,68970709000,229.85,0.06,0.37,-345.21,5,-2.17
235,207.43,141.49,49.33,28.91,14.34,9.84,-3.25,7.98,5.88,7.07,5.83,10.27,5.12E+11,3.43E+11,1937.68,0.14,1.12,2025.55,2,18.44
236,223.9,160.06,94.23,54.75,32.49,-4.99,,5.36,2.68,-4.96,-5.52,-10.37,1.32E+11,68053723000,119.95,0.12,0.85,161.32,6,13.38
237,311.98,238.59,65.19,40.87,49.92,166.27,,8.07,4.53,4.05,7.38,6.5,3.16E+11,1.91E+11,368.01,0.03,0.53,.,5,9.45
238,110.34,8.54,48.84,33.44,278.59,29.96,-9.36,0.36,,2.29,37.25,3.18,8.30E+11,5.57E+11,491.65,0.25,0.06,2777.04,5,14.82
239,633.18,630.73,8.33,,,7.38,-22.3,313,12.32,2.74,17.85,2.93,3.29E+11,3.04E+11,,0,0.15,.,3,4.23
240,32.12,32.12,53.44,48.86,428.79,-32.33,314.99,,6.39,4.32,54.09,6.86,6.19E+11,4.03E+11,-112.13,0.46,0.08,984.13,7,2.4
241,195.73,157.82,37.84,0.87,1.34,4.56,13.6,8.19,4.18,1.78,2.51,2.44,3.17E+11,2.30E+11,3521.01,0.01,0.7,.,2,1.31
242,169.21,128.62,68.89,29.25,11.75,11.64,-5.97,8.13,3.46,6.62,5.06,10.88,3.31E+11,1.96E+11,2341.71,0.27,1.21,.,4,17.18
243,762.67,567.59,11.8,,,0.16,45.22,4.13,3.51,13.79,24.11,15.45,2.61E+11,2.33E+11,,0,0.54,.,2,11.08
244,222.18,143.77,92.88,26.82,13.46,1.57,272.5,5.32,3.29,1.82,1.99,3.37,1.94E+11,1.00E+11,580.29,0.12,0.88,.,4,8.23
245,208.91,172.03,39.49,5.55,10.03,-0.61,,7.45,2.11,-8.27,-14.72,-11.16,96488170000,69170822000,428.49,0.04,0.55,548.26,5,4.59
246,336.61,285.86,23.23,,,11.18,32.01,10.06,5.23,7.07,9.59,8.61,1.58E+12,1.29E+12,,0,0.71,.,3,8.84
247,146.37,108.21,99.66,53.77,35.31,14.26,68.88,6.17,3.52,3.33,4.7,6.39,6.89E+11,3.45E+11,492.07,0,0.67,472.38,5,13.9
248,776.11,730.16,15.29,,,-1.73,2350.18,3.47,2.59,26.52,160.1,30.56,3.67E+11,3.18E+11,649012.78,0,0.17,.,4,-3
249,165.23,123.16,84.42,10.91,3.53,15.99,365.83,8.98,3.11,2.28,1.64,4.1,4.45E+11,2.41E+11,2295.56,0.08,1.34,.,4,8.69
250,145.95,114.34,170.88,127.92,65.39,5.22,2.95,5.65,1.55,0.28,0.39,0.76,6.15E+11,2.27E+11,215.54,0.49,0.71,212.12,7,3.86
251,156.6,112.45,70.12,29.55,25.46,2.92,-77.81,6.35,3.04,0.41,0.6,0.68,5.38E+11,3.16E+11,240.29,0.1,0.67,228.7,4,2.36
252,189.68,189.68,23.2,7.94,31.7,663.29,1690.44,,2.62,20.4,65.42,25.15,6.21E+11,5.04E+11,5645.07,0.08,0.28,5462.74,4,26.29
253,5791.15,5791.15,2.79,,,-15.92,-23.87,,15.8,2.52,62.04,2.59,1.69E+12,1.65E+12,370276.18,0,0.04,8615190.51,2,0.84
254,124.27,106.46,51.07,21.38,15.46,3.23,5396.27,17.78,4.75,3.84,3.85,6,1.42E+11,93788834000,1109.84,0,0.98,3457.91,4,3.03
255,96.26,61.85,75.09,49.91,52.87,-14.9,221.07,10.88,8.59,9.62,15.5,18.05,2.64E+12,1.51E+12,656.42,0.03,0.61,707.25,4,2.45
256,67.84,46.97,184.18,103.78,46.99,0.83,-62.06,8.17,4.96,0.51,0.71,1.35,7.59E+12,2.67E+12,177.95,0.36,0.67,813.66,6,15.18
257,369.61,294.86,30.65,,,-6.23,15.93,9.55,7.7,25.84,13.95,33.31,1.27E+11,96854045000,,0,1.77,.,2,9.98
258,524.22,356.81,16.57,,,-13.03,57.06,5.67,5.92,10.74,8.12,12.24,2.52E+11,2.16E+11,385315.02,0,1.23,.,2,16.69
259,176.54,126.93,100.39,66.8,20.21,-37.35,,8.91,13.96,5.97,3.51,12.21,1.08E+13,5.38E+12,2282.41,0.29,1.66,2282.41,5,5.23
260,166.68,166.28,12.78,8.66,110.84,2.07,,189.3,7.12,-5.38,-70.32,-6.19,3.93E+11,3.49E+11,55.63,0.09,0.08,-1486.04,5,-9.58
261,155.88,155.56,68.89,2.73,1.05,-43.63,,1371,5.23,-0.6,-0.45,-1.1,9.26E+11,5.49E+11,2976.91,0,1.46,-2151.74,6,-15.86
262,112.87,79.66,61.97,54.35,32.61,-30.21,,13.33,7.6,-1.41,-1.28,-2.36,8.98E+11,5.54E+11,20.91,0.11,1.15,0.36,6,-7.97
263,121.72,109.96,35.14,20.07,25.02,13.05,3.84,29.36,5.69,3.87,6.33,5.32,2.63E+11,1.94E+11,1102.34,0.15,0.61,5597.4,4,1.37
264,106.33,87.54,63.85,41.28,21.19,9.27,12.52,15.26,3.98,6.57,5.46,10.76,2.86E+11,1.74E+11,1009.99,0.3,1.15,1087.32,3,10.69
265,72.71,49.93,107.39,83,120.67,,,3.51,1.71,-0.22,-0.66,-0.45,3.99E+11,1.92E+11,67.67,0.52,0.33,350.05,8,
266,236.74,162.45,49.08,19.59,14.32,7.55,30.54,5.62,2.37,12.58,12.49,19.73,2.21E+11,1.48E+11,3945.51,0.2,0.98,.,2,5.46
267,113.94,81.19,78.17,53.9,40.83,4.42,46.81,13.99,6.97,8.32,11.26,15.01,4.13E+11,2.32E+11,1834.87,0.02,0.7,2137.7,2,11.22
268,134.92,99.7,81.37,51.84,36.82,3.3,,5.87,2.85,0.64,0.76,1.21,98665115000,54399228000,150.63,0.52,0.89,133.5,7,-8.18
269,355.31,189.73,38.14,,,1.05,-24.68,2.05,7.44,3.43,4.89,4.69,1.69E+11,1.23E+11,22852.09,0,0.68,22972.8,3,5.39
270,136.54,128.22,59.56,38.34,60.21,23.86,-37.25,17.35,13.12,0.61,1.53,0.97,55632087000,34865820000,101.44,0,0.4,322.27,6,2.38
271,222.43,188.23,149.88,132.56,130.13,9.62,,4.51,0.95,0.75,1.93,1.86,1.14E+11,45544346000,-34.42,0.44,0.29,-79.26,8,98.23
272,235.19,156,39.55,27.04,20.91,0.38,25.83,3.89,9.31,4.75,5.87,6.37,1.49E+11,1.07E+11,1479.76,0.27,0.76,.,4,14.09
273,192.29,161.4,44.52,17.99,14.57,28.26,-74.57,10.84,2.78,4.09,4.36,5.85,50200633000,34736753000,2106.57,0.18,0.91,.,4,7.07
274,203.72,154.22,40.32,20.11,18.1,1.85,8.55,5.79,2.47,1.08,1.45,1.52,1.47E+11,1.04E+11,306.73,0.2,0.75,.,5,-0.51
275,172.96,141.02,120.8,78.64,56.14,6.28,8.32,11.56,4.32,5.77,8.49,13.22,2.19E+12,9.91E+11,701.26,0.07,0.67,897.47,3,2.45
276,141.88,120.03,51.19,25.37,18.96,-9.19,142.01,16.2,4.09,8.3,8.19,13.11,1.84E+11,1.22E+11,1803.37,0.25,1,2023,3,2.55
277,150.14,97.2,83.86,42.69,22.35,-2.93,1.22,6.43,4.25,4.78,4.79,8.79,4.59E+11,2.50E+11,386.37,0.08,0.99,768.63,3,2.02
278,54.59,31.56,159.43,123.55,50.57,-16.13,-7.01,8.79,8.25,2.37,2.45,6.35,3.13E+12,1.21E+12,352.51,0.53,1.01,400.51,5,-8.09
279,1322.52,1308.87,14.23,4.7,3.83,196.09,,208.54,5.24,9.33,14.32,10.83,49149801000,43028431000,144.98,0,0.54,-242.45,4,54.04
280,88.8,51.38,66.06,47.02,50.57,-0.63,38.73,4.75,5.11,2.8,4.54,4.82,2.71E+11,1.63E+11,349.67,0.35,0.62,1639.22,6,0.15
281,138.3,61.98,47.27,34.97,35.27,-8.08,-98.82,2.92,3.94,0.04,0.06,0.06,2.74E+11,1.86E+11,7.16,0.35,0.64,644.29,6,2.41
282,144.6,124.02,114.97,68.39,53.27,2.05,,6.29,1.61,0.35,0.61,0.8,1.24E+11,57735187000,84.1,0.63,0.6,.,7,-7.56
283,228.55,152.06,27.27,13.35,11.1,0.5,50.71,10.21,5.57,5.09,4.52,6.66,68268555000,53638693000,1504.98,0.07,1.12,.,3,1.05
284,131.5,115.29,20.49,5.11,5.04,-4.93,-11.82,26.77,4,4.84,11.19,5.78,1.18E+11,97758951000,1199955.63,0.05,0.42,1190642.72,2,5.59
285,294.64,192.32,30.4,,0.7,19.49,15.72,6.89,7.29,9.82,8.63,12.96,1.95E+11,1.49E+11,92291.25,0,1.09,87969.78,2,8.37
286,231.61,125.43,84.45,69.32,62.53,-2.48,4.29,3.93,4.08,5.29,8.56,9.91,3.90E+11,2.11E+11,536.53,0.06,0.6,744.16,5,7.05
287,300.28,232,59.91,14.33,10.98,36.66,,6.51,2.72,4.52,3.32,8.07,46543161000,29106138000,966.13,0.01,1.3,973.22,5,10.15
288,148.19,108.52,59.28,50.99,64.31,5.39,,6.26,2.72,22.19,32.78,45.25,1.06E+11,66258861000,-57.25,0.36,0.71,2.28,5,-9.01
289,72.37,62.51,171.57,114.92,22.95,178.42,,33.08,7.33,6.46,3.41,18.81,3.51E+11,1.29E+11,275.27,1.04,1.8,870.44,7,11.32
290,276.15,273.19,66.48,25.6,42.62,-19.89,,33.78,4.26,3.96,6.17,9.11,2.76E+11,1.66E+11,552.77,0.04,0.74,548.1,7,-23.19
291,126.42,104.17,23.77,12.64,33.72,-9.74,-19.65,12.47,5.67,3.51,10.31,4.43,5.70E+11,4.60E+11,1584.51,0.1,0.34,5597.7,2,0.18
292,217.48,166.3,14.5,3.48,5.65,-12.08,16.33,9.64,4.42,4.33,7.08,4.99,6.42E+11,5.60E+11,11009.5,0.04,0.6,31062.79,2,3.76
293,149.58,106.01,49.4,29.08,16.39,-7.71,8.96,9.82,5.24,5.86,4.22,9.37,1.40E+11,94029168000,953.63,0.13,1.43,.,3,-5.69
294,452.63,365.37,13.75,1.84,2.45,12.41,44.15,14.05,4.89,10.83,13.32,12.4,38548247000,33889578000,18828.88,0,0.79,29537.97,2,4.94
295,7.44,7.44,11.55,10.57,209.74,7.71,170.04,,,4.31,107.22,4.75,5.22E+11,4.68E+11,648.69,0.11,0.04,5716.55,5,6.4
296,348.42,247.28,21.42,8.15,5.85,-12.17,-17.45,8.19,6.04,6.44,4.92,8.13,4.57E+11,3.77E+11,4306.72,0.08,1.33,6441.33,2,-3.11
297,103.71,90.41,50.85,29.9,35.53,-12.13,111.65,13.6,3.69,4.74,7.54,7.41,1.53E+11,1.01E+11,949.06,0.26,0.63,1616.96,4,-1.51
298,42.3,36.8,83.66,0.71,5.33,-14.7,,18.9,5.55,-18.21,-19.91,-28.69,19621522000,10683624000,867.25,0.01,0.97,.,5,-10.91
299,208.33,160.85,38.6,10.59,7.88,-10.59,42.48,10.4,4.84,8.13,5.8,11.98,1.80E+11,1.30E+11,3438.02,0.09,1.42,3556.44,2,-2.85
300,111.74,91.3,158.77,99.96,52.26,14.72,,6.57,1.63,-10.05,-13.86,-24.39,1.64E+11,63211820000,-74.71,0.97,0.71,-106.39,7,4.05
301,115.41,92.23,113.83,82.62,84.15,-11.5,-59.34,4.44,1.1,0.28,0.61,0.61,4.03E+11,1.88E+11,57.06,0.76,0.46,64.87,7,0.17
302,658.97,572.6,13.77,,,20.45,9.06,7.35,2.31,9.06,14.11,10.38,2.35E+11,2.07E+11,,0,0.62,.,2,7.9
303,106.04,105.22,59.93,24.92,26.46,17.35,103,159.54,3.67,9.83,13.5,16.47,2.12E+11,1.33E+11,1714.26,0.02,0.72,1761.18,3,1.43
304,252.24,138.97,37.54,11.43,13.99,6.87,82.33,3.13,3.81,8.66,12.12,12.09,1.32E+12,9.62E+11,2048.87,0.04,0.69,2212.36,4,7.38
305,493.12,340.98,17.77,,,5.08,-8.84,3.6,5.46,5.77,8.28,6.76,3.46E+11,2.93E+11,,0,0.7,.,2,-0.6
306,585.14,478.21,19.79,0.92,7.34,2.14,-2.2,5.55,2.04,5.01,9.9,6.07,2.61E+11,2.18E+11,,0.01,0.44,,2,36.44
307,162.85,86.12,59.17,31.83,24.26,4.86,202.34,3.84,3.71,14.36,14.67,27.32,1.95E+11,1.23E+11,2920.5,0.28,0.91,.,4,16.34
308,86.3,42.67,161.28,134.87,113.22,4.45,46.68,2.61,4.3,1.8,3.91,4.79,6.50E+11,2.49E+11,153.93,0.54,0.46,142.24,6,2.31
309,241.47,156.65,14.69,,,-9.06,304.18,4.19,12.61,5.28,14.26,6.1,5.83E+11,5.09E+11,822.83,0,0.36,2133.46,3,9.32
310,181.76,115.25,28.24,14.44,15.9,-4.78,-4.28,5.49,5.88,5.73,7.43,7.6,5.77E+11,4.50E+11,1160.18,0.14,0.81,1356.24,4,-9.39
311,109.11,62.56,98.36,42.09,16.78,1.82,-27.63,9.05,7.65,2.59,1.94,5.16,2.01E+11,1.01E+11,407.2,0.19,1.33,.,3,1.44
312,69.59,66.64,180.39,89.47,84.54,-18.62,,38.85,0.85,-10.85,-28.66,-28.49,4.17E+12,1.49E+12,-108.23,0.34,0.42,-81.55,7,-16.81
313,144.48,91.03,80.91,35.32,31.48,20.96,320.7,6.4,3.1,3.19,4.79,5.74,2.64E+11,1.46E+11,908.34,0.06,0.65,643.74,5,4.82
314,110.27,88.45,70.04,21.77,18.87,14.56,88.18,15.5,3.62,11.3,12.3,19.54,3.39E+11,1.99E+11,2247.57,0.08,0.87,.,4,11.01
315,205.24,73.56,185.29,111.51,57.68,17.44,108.25,1.54,5.49,7.94,13.05,20.66,1.59E+12,5.59E+11,1739.92,0.19,0.49,1850.42,6,64.41
316,686.38,650.14,16.05,0.18,39.02,13.47,0.07,8.5,1.54,66.72,187.55,94.14,1.13E+12,9.71E+11,110.73,0,0.3,211.16,3,43.96
317,56.71,48.55,249.89,152.63,77.3,9.32,,12.45,2.62,-3.11,-5.2,-10.39,1.07E+12,3.05E+11,129.16,0.89,0.61,134.68,7,-3.75
318,32.23,24.76,103.54,66.1,60.27,2.1,-37.64,18.71,6.5,2.09,3.52,4.4,2.35E+12,1.16E+12,465.64,0.33,0.6,612.15,6,-2.63
319,328.91,302.93,37.43,8.8,8.68,-3.48,-17.19,18.33,4.84,1.57,2.22,2.14,43650059000,31762158000,302.01,0,0.7,.,4,2.83
320,180.99,159.84,43.05,17.11,24.9,3.08,-61.4,12.89,4.13,1.73,3.21,2.48,1.95E+12,1.36E+12,886.45,0.05,0.54,1002.2,4,1.8
321,104.56,88.31,1531.3,278.52,27.53,11.5,,10.35,3.61,-2.25,-3.02,-25.28,5.05E+11,30963610000,1044.71,0.76,0.72,.,5,7.57
322,184.11,172.37,59.09,24.23,17.01,2.95,34.36,27.14,3.18,7.7,8.29,12.39,3.28E+11,2.06E+11,1655.79,0.1,0.9,2068.07,3,7.78
323,132.9,70.46,53.31,23.35,30.89,0.61,,3.58,3.84,-3.2,-6.52,-4.81,80302650000,52379298000,-582.51,0.23,0.49,.,5,-1.35
324,138.99,126.43,36.53,26.59,47.4,-33.93,-82.5,9.99,10.36,0.32,0.83,0.45,1.44E+11,1.05E+11,136.82,0.22,0.41,151.86,5,-6.22
325,69.03,48.73,88.44,53.43,45.16,16,,10.75,5.91,2.01,3.01,3.77,1.42E+11,75497346000,504.37,0.05,0.66,982.77,6,3.05
326,232.88,148.88,27.54,17.44,13.17,-2.79,-62.14,4.88,6.81,2.78,3.05,3.52,81514935000,63914104000,874.37,0.17,0.9,1989.47,4,2.48
327,174.68,118.65,33.64,8.22,10.07,-14.83,,6.87,4.08,-2.79,-4.77,-3.75,1.64E+11,1.23E+11,571.84,0.08,0.61,116.55,5,-7.88
328,129.02,117.95,161.41,0.51,0.2,-8.57,-23.65,39.75,3.36,1.76,0.83,4.74,1.13E+11,43340053000,2112.47,0,2.14,.,5,-1.27
329,721.14,651.35,37.37,31.17,27.78,-6.31,1906.03,8.33,4.92,3.71,6.66,4.68,42000392000,30575704000,517.94,0.07,0.49,150.71,4,29.03
330,120.38,116.08,30.25,5.78,8.38,13.28,40.33,94.83,4.53,2.41,3.44,3.18,45044640000,34582377000,1573.07,0.06,0.7,13802.84,3,-0.21
331,1291.81,1227.01,9.99,,,1.89,22.92,16.36,9.57,10.95,26.3,11.92,1.23E+12,1.12E+12,4167113.43,0,0.38,5705886.68,2,24.45
332,80.07,53.92,69.41,42.61,16.55,-31.27,,13.29,15.13,-9.92,-7.55,-16.32,2.21E+11,1.31E+11,-1771.38,0.43,1.41,.,6,-12.88
333,225.19,116.66,46.64,15.68,20.7,8.4,99.89,3.08,5.06,9.26,13.36,14.41,1.26E+11,86110485000,2604.52,0.16,0.69,2647.42,2,1.33
334,177.73,174.67,106.08,8.51,1.62,19.08,47.33,108.48,36,12.72,7.76,30.24,4.78E+11,2.32E+11,73431,0.09,1.27,.,5,81.18
335,75.34,29.1,157.58,134.49,65.1,-11.76,,3.2,5.59,-4.19,-5.22,-10.67,2.50E+11,96948464000,-169.59,1.15,0.84,.,8,-9.18
336,102.43,69.28,31.55,15.4,34.97,-8.51,25.96,5.61,3.36,1.27,3.44,1.71,1.35E+12,1.03E+12,758.45,0.15,0.38,1247.04,2,-3.74
337,68.24,51.19,153.56,110.17,66.74,24.57,,6.92,5.18,0.22,0.34,0.59,6.64E+12,2.62E+12,147.26,0.58,0.68,185.79,7,-2.84
338,95.18,74.48,84.88,54.58,34.7,-16.72,,8.58,3.5,0.98,1.16,1.85,1.69E+11,91369516000,107.18,0.33,0.85,162.12,7,-2.89
339,639.64,518.56,21.24,10.71,10.72,-8.21,50.06,6.81,3.72,2.6,3,3.14,2.68E+11,2.21E+11,1237.77,0.01,0.85,1261.07,3,3.38
340,147.33,100.86,40.41,21.33,21.85,-23.73,-20.62,7.53,5.29,2.39,2.79,3.55,1.59E+12,1.13E+12,800.12,0.1,0.9,1279.52,3,-8.3
341,90.17,45.13,96.89,76.93,81.91,-9.69,5.1,5.49,8.02,2.7,5.45,5.48,3.00E+13,1.53E+13,404.47,0.08,0.48,403.47,5,5.98
342,171.57,105.04,25.59,15.2,25.53,-37.6,-85.82,5.19,3.5,0.37,0.55,0.5,5.00E+11,3.98E+11,11.65,0.11,0.71,352.01,5,-13.12
343,319.62,177.81,16.81,6.98,14.88,-19.09,-26.71,2.25,4.94,1.19,2.72,1.42,2.51E+11,2.15E+11,998.6,0.07,0.45,5682.81,4,-4.49
344,166.66,128.99,331.91,203.6,48.06,-12.09,,6.69,6.77,-35.38,-39.97,-97.74,3.31E+11,76555951000,212.13,0.38,1.06,230.75,8,-28.32
345,844.57,678.75,10.09,,0.16,-15.35,-62.51,5.25,6.16,1.19,1.36,1.33,3.47E+11,3.15E+11,59020.29,0,0.89,59020.29,3,-2.76
346,167.89,101.7,79.1,60.51,30.88,-3.19,-87.16,4.88,5.36,0.63,0.55,1.18,5.81E+11,3.24E+11,260.25,0.22,1.19,260.25,4,-7.81
347,423.83,239.89,26.29,3.87,6.85,-3.18,73.49,6.62,24.37,2.85,5.43,3.58,2.08E+12,1.65E+12,2371.44,0.01,0.51,-265.63,3,4.02
348,156.28,105.57,66.97,49.94,29.12,-12.06,,5.23,4.95,-2.03,-2.1,-3.4,2.76E+11,1.65E+11,-310.64,0.37,0.99,.,6,-3.27
349,422.02,379.09,10.52,,,-4.11,-39.11,12.42,5.28,2.83,11.67,3.14,4.76E+11,4.31E+11,,0,0.24,.,3,-0.28
350,58.5,48.68,256.36,141.05,147.46,-11.03,,3.76,10.76,-20.01,-80.96,-59.37,4.22E+11,1.18E+11,-253.48,1,0.29,-308.67,9,-24.47
351,66.5,56.14,126.94,94.77,113.67,-13.43,,6.78,5.06,-3.19,-9.94,-6.63,3.31E+11,1.46E+11,-74.85,0.61,0.3,-436.84,8,11.6
352,121.18,59.63,80.07,59.69,48.71,-0.56,,3.51,4.85,-1.74,-2.68,-3.12,1.89E+11,1.05E+11,-78.83,0.32,0.66,.,6,-2.86
353,72.76,48.64,8887.91,6801.05,119.58,-39.22,,9.12,4.64,-0.95,-1.58,-61.04,2.48E+12,27545425000,46.85,6.72,0.65,48.41,10,-14.4
354,54.49,29.06,125.35,99.45,64.82,-6.34,33.96,5.77,4.5,4.11,5.99,9.41,1.77E+11,78380632000,426.05,0.7,0.67,.,4,4.41
355,668.64,381.5,9.2,1,2.62,-3.03,5.98,3.99,21.98,9.28,11.99,10.28,5.42E+12,4.97E+12,47792.5,0,0.75,50436.78,2,5.56
356,167.57,103.75,76.51,56.21,42.95,-7.74,282.24,2.81,1.86,2.68,3.38,5,69573298000,39416810000,332.06,0.56,0.82,.,5,-6.43
357,54.9,38.07,68.08,24.46,12.42,-45.93,,22.49,8.96,0.26,0.25,0.43,1.77E+11,1.06E+11,153.16,0.17,1.03,122.35,6,9.35
358,95.68,68,190.13,166.48,42.95,-22.24,,4.99,4.71,-10.73,-8.38,-31.48,4.20E+11,1.45E+11,-155.23,1.61,1.41,-309.2,8,-16.49
359,299.33,209.57,19.25,12.3,23.11,-12.36,15.74,6.56,8.67,2.54,5.15,3.08,5.13E+13,4.30E+13,964.22,0,0.5,1038.23,2,-2.45
360,170.7,133.05,42.02,7.33,11.11,-16.72,,10.76,6.25,5.32,3.99,8.76,5.75E+11,4.05E+11,1503.64,0.04,1.49,1654.13,4,-18.84
361,68.35,37.27,712.27,594.07,60.58,-0.64,,4.48,3.85,-17.55,-14.69,-205.31,98535738000,12130951000,-99.13,2.48,1.23,.,10,-6.07
362,727.91,570.85,12,,,-10.1,-96.6,6.72,5.21,0.09,0.06,0.1,1.20E+11,1.07E+11,3567597.65,0,1.38,.,3,-4.48
363,36.04,15.7,873.61,705.23,109.07,-35.3,,3.1,6.13,-12.42,-19.52,-85.8,3.80E+11,39057022000,-120.23,6.13,0.74,.,10,-24.06
364,127.27,77.33,56.08,35.67,29.9,-9.49,35.18,5.94,3.96,5.11,5.4,8.7,1.84E+11,1.18E+11,836.13,0.3,0.99,.,4,-8.82
365,129.24,111.83,94.02,52.34,17.78,4,69.97,25.55,4.51,11.32,7.37,22.22,1.13E+11,58005625000,1868.61,0.38,1.48,.,4,7.78
366,113.89,76.09,131.16,72.6,16.97,-1.66,,11.41,6.49,3.15,1.67,7.64,4.14E+11,1.79E+11,684.43,0.55,1.91,568.37,5,-2.34
367,211.34,139.59,57.44,37.06,20.22,-9.73,-28.35,6.29,3.83,4.8,3.53,8.03,4.29E+11,2.72E+11,809.48,0.11,1.41,862.02,4,-7.07
368,239.57,131.84,28.42,12.78,33.24,8.96,,4.03,5.3,-16.75,-26.19,-24.06,3.17E+11,2.47E+11,630.01,0.11,0.81,1441.07,5,-35.05
369,70.52,47.88,282.11,261.4,73.28,-18.92,,4.12,5.29,-15.86,-18.12,-52.13,2.18E+11,57038836000,-145.22,2.35,0.95,-171.24,9,-15.19
370,402.79,153.77,152.61,121.42,92.56,32.28,6.13,1.81,5.05,4.85,8.77,13.62,4.50E+11,1.78E+11,1081.23,0.06,0.51,1033.26,6,16.51
371,26.08,25.65,72.59,44.13,232.74,11,,97.6,27.79,-1.23,-10.04,-2.23,2.18E+11,1.26E+11,16.91,0.44,0.11,.,7,22.82
372,59.35,44.98,84.92,52.66,48.51,-0.41,-25.42,26.3,53.47,3.81,6.36,6.98,2.33E+11,1.26E+11,577.51,0.38,0.58,539.38,5,6.07
373,1326.22,1326.22,6.19,3.41,87.22,-27.46,-44.82,,,2.44,66.33,2.58,4.04E+11,3.81E+11,1867.5,0,0.04,27307.66,4,1
374,107.58,76.34,177.59,96.5,24.68,2.64,-15.47,10.36,3.72,5.65,4.25,15.62,2.86E+11,1.03E+11,794.52,0.8,1.22,.,7,19.05
375,126.86,86.75,76.38,54.32,51.25,-0.21,,4.55,2.14,-2.4,-3.86,-4.33,2.30E+11,1.30E+11,-51.68,0.46,0.66,-69.05,7,-10.12
376,127,99.33,94.77,71.07,52.64,11.4,153.49,6.61,3.08,4.76,5.9,10.24,3.39E+11,1.74E+11,208.06,0.43,0.81,321.53,5,-0.64
377,166.4,125.39,152.94,95.99,37.14,9.55,,5.98,2.89,-5.61,-5.62,-13.78,3.42E+11,1.35E+11,226.31,0.39,1.04,105.22,6,-8.77
378,146.91,113.95,108.39,17.47,4.19,17.28,56.71,16.17,5.98,6.6,2.72,14.48,1.25E+11,60086717000,1544.36,0.18,2.42,1592.5,5,0.17
379,97.79,61.72,157,55.57,14.05,17.21,1080.43,7.68,5.31,1.42,0.82,3.6,4.93E+11,1.92E+11,111.9,0.5,1.69,280.96,6,4.88
380,141.49,121.15,72.77,1.07,0.23,28.88,38.73,33.78,17.41,17.87,6.6,29.46,7.09E+11,4.10E+11,11225.73,0.01,2.3,11842.67,3,42.85
381,235.17,211.61,24.57,3.07,3.67,3.4,-20.16,21.63,5.16,7.65,8.95,9.62,2.28E+13,1.83E+13,25499.02,0.03,0.84,38956.21,2,4.82
382,125.65,61.68,180.83,102.28,43.52,-8.5,,3.25,2.53,-0.09,-0.12,-0.27,5.80E+11,2.06E+11,-18.21,0.61,0.8,104.32,8,-4.02
383,104.97,89.21,297.68,115.07,44.68,-25.84,,7.34,1.73,-7.59,-13.42,-26.24,1.63E+13,4.10E+12,-5113.77,0.43,0.57,-4614.02,8,-2.36
384,97.32,56.59,185.28,57.47,23.95,17.38,-25.32,3.34,4.03,0.64,0.93,1.84,1.84E+11,64490478000,232.28,0.45,0.7,212.06,7,-2.02
385,165.08,162.15,100.17,39.5,21.51,11.31,,99.37,4.21,-9.32,-9.37,-19.26,1.47E+12,7.37E+11,1090.55,0.07,0.91,1089.08,6,19.48
386,100.13,35.3,146.41,90.41,45.34,-5.67,,2.38,6.18,-3.41,-3.93,-8.37,2.23E+11,90679737000,127.65,0.47,0.91,123.71,7,-7.82
387,64.55,41.26,379.64,285.38,82.49,-5.08,,7.24,4.26,-0.34,-0.46,-1.74,2.61E+11,54495554000,75.92,1.13,0.74,.,7,2.1
388,235.94,149.49,29.62,,0.01,3.57,47.39,7.59,5.6,4.7,3.4,6.11,2.08E+11,1.60E+11,51601.11,0,1.35,47793.14,2,4.19
389,181.81,142.97,87.08,42.34,14.93,-13.39,191.52,11.97,4.53,0.31,0.21,0.57,4.90E+11,2.62E+11,229.3,0.05,1.46,257.88,5,0.78
390,109.66,109.66,21.67,17.02,230.82,63.77,107.33,,,5,80.03,6.12,2.21E+12,1.82E+12,60692.09,0,0.06,177575.71,2,2.82
391,122.81,95.07,249.33,169.11,49.25,-15.9,,11.18,5.28,-4.61,-4.21,-30.28,1.19E+12,3.42E+11,122.9,0.35,1.14,93.54,8,-7.02
392,140.46,120.2,35.7,12.9,35.5,-10.84,,8.31,4.79,-0.95,-3.37,-1.27,1.47E+13,1.08E+13,-11545.75,0.04,0.29,-7956.26,7,-3.67
393,72.52,52.5,376.99,173.05,30.15,0.28,,11.65,3.88,-3.49,-2.75,-15.39,1.08E+11,22710688000,-127.39,1.73,1.26,-261.18,6,1.8
394,77.28,54.63,151.46,72.1,26.27,4.64,,10.55,5.14,1.9,1.64,4.77,1.02E+11,40588997000,287.89,0.67,1.14,872.82,4,3.56
395,176.38,174.38,71.75,36.48,17.18,7.74,,276.63,2.6,-0.98,-0.85,-1.63,1.32E+11,76679209000,195.27,0.37,1.13,-2517.21,7,5.21
396,1080.78,1080.78,4.06,0.53,16.33,18.29,19.3,,,1.22,31.01,1.26,1.96E+11,1.88E+11,89.37,0.01,0.04,-567.52,4,-12.58
397,124,105.42,130.61,62.61,20.47,-2.55,-25.97,23.32,5.33,1.13,0.77,2.81,3.60E+12,1.56E+12,420.09,0,1.58,510.32,5,-12.32
398,84.79,58.02,114.71,79.02,50.2,64.69,5536.06,9.02,1.12,2.7,3.37,5.92,62069502000,28908146000,612.58,0.17,0.75,550.67,6,15.85
399,226.13,203.92,23.85,5.27,3.77,-1.9,-16.13,22.29,6.83,7.35,9.05,9.1,1.69E+14,1.36E+14,4646.59,0.05,0.8,9160.36,2,2.99
400,250.12,217.49,30.91,12.65,9.4,10.73,-73.77,18.79,7.56,2.11,2.24,2.81,5.32E+12,4.07E+12,31.65,0.05,1,6091.9,5,-10.11
401,1884.58,1739.77,5.41,,,3.88,-29.63,11.99,7.25,1.65,3.01,1.75,8.65E+11,8.21E+11,,0,0.55,.,3,-0.84
402,143.23,105.57,83.89,23.04,21.86,-0.7,,5.25,5.28,3.28,4.9,6.64,4.00E+12,2.18E+12,-624.06,0.09,0.62,-370.72,7,19.15
403,87.22,63.75,85.75,75.71,148.89,-41.13,,3.59,1.34,-5.05,-19.08,-9.68,3.28E+11,1.77E+11,-258.25,0.29,0.29,-175.11,8,-14.56
404,58.91,48.6,357.42,270.37,102.78,-10.66,,6.99,7.26,-10.13,-18.52,-40.91,2.23E+11,48654898000,-92.6,2.26,0.6,.,10,-16.07
405,178.58,131.17,31.5,9.99,6.39,7.27,99.1,12.26,9.61,6.54,6.1,8.7,4.58E+11,3.49E+11,3073.93,0.1,1.05,3831.18,2,5.29
406,96.38,86.92,173.57,61.29,23.16,10,,16.76,3.8,0.54,0.7,1.48,4.62E+12,1.69E+12,179.89,0.25,0.8,294.62,8,-7.35
407,132.31,120.34,63.7,23.81,13.89,9.55,3.12,27.16,8.17,7.76,7.63,12.48,3.41E+13,2.08E+13,3478.38,0.06,0.96,3568.27,4,12.4
408,68.95,41.22,182.11,26.28,4.66,2.13,,13.51,21.87,-2.92,-1.73,-7.78,2.05E+12,7.26E+11,-2537.02,0.19,1.65,-2737.18,7,3.74
409,181.53,163.03,34.77,4.87,5.01,3.24,10.62,20.02,12.33,8.47,12.23,11.4,6.70E+13,4.97E+13,3849.16,0.03,0.66,5734.97,2,9.19
410,188.56,153.11,99.47,36.22,13.01,13.59,-16.21,13.24,5.11,5.97,4.38,11.93,5.99E+12,3.00E+12,1585.46,0,1.29,1603.08,3,11.58
411,78.27,65.35,104.79,43.15,23.18,-0.46,165.62,24.29,4.73,3.38,3.34,7.08,7.59E+11,3.71E+11,477.3,0.32,1.02,905.34,5,-1.34
412,313.02,223.58,32.85,,,-12.16,4052.87,3.78,4.47,3.63,7.27,4.89,8.90E+11,6.70E+11,,0,0.5,.,3,0.35
413,78.33,76.35,173.77,33.17,10.2,187.78,,100.91,5.14,1.58,1.14,3.77,1.23E+11,45043476000,193.24,0.19,1.17,340.81,7,45.72
414,502,502,60.88,53.51,487.43,12.27,12.97,,6.12,2.02,27.91,3.33,1.96E+11,1.22E+11,148.47,0.04,0.07,136.6,5,-3.03
415,145.53,75.8,36.81,27.68,58.38,2.97,,2.46,3.02,-1.01,-3.32,-1.34,70011247000,51173664000,-65.81,0.1,0.3,124.07,6,5.82
416,1181.18,1044.8,5.8,0.06,0.1,-14.34,-33.98,6,5.75,2.57,5.92,2.71,4.42E+11,4.18E+11,39868.96,0,0.43,64743.78,3,2.24
417,157.03,107.31,73.09,24.51,14.26,-6.37,,6.74,4.49,-9.83,-7.83,-17.05,78861406000,45561037000,-799.21,0.11,1.35,-810.82,7,-12.89
418,44.92,36.82,71.94,47.57,73.2,-60.41,,4.02,2.69,-60.75,-229.07,-89.22,48152463000,28005708000,-490.02,0.04,0.2,-481.39,8,97.95
419,284.03,236.64,23.34,5.58,6.82,0.72,23.06,11.71,5.92,6.62,10.02,8.17,1.52E+11,1.23E+11,6312.78,0.02,0.64,.,2,6.66
420,100.29,79.85,195.93,101.31,30.59,-2.26,-26.34,9.52,3.32,1.94,1.77,5.72,3.34E+11,1.13E+11,220.06,0.66,1.07,257.52,6,4.42
421,66.08,48.04,149.89,116.83,68.41,-21.9,-14,7.54,3.79,2.16,3.19,5.48,5.26E+11,2.10E+11,265.75,0.7,0.67,391.86,5,0.91
422,1772.26,1756.53,6.54,,46.09,-29.63,,24.44,4.03,3.08,16.65,3.6,48258949000,45298554000,-306,0,0.19,-315.66,5,-1.11
423,499.66,424.11,12.27,,,-8.66,19.22,11.78,5,4.12,4.39,4.71,5.07E+11,4.52E+11,,0,0.94,.,3,-0.4
424,133.01,115.08,142.57,61.02,11.47,6.6,996.89,17.58,4.09,1.77,0.78,4.45,1.90E+11,78260085000,408.84,0.57,2.27,723.94,6,-0.36
425,96.59,62.41,67.82,19.31,17.2,-6.3,90.33,5.28,3.31,5.57,9.12,9.17,3.69E+11,2.20E+11,2348.88,0.18,0.58,2111.37,4,12.15
426,114.19,74.82,108.5,47.5,70.16,50.23,-29.09,2.52,5.65,0.78,1.93,1.63,1.64E+11,78721521000,116.34,0.29,0.37,.,7,21.9
427,346.11,156.83,56.88,39.32,35.98,-17.09,-3.05,4.12,6.78,4.88,6.57,7.77,2.48E+12,1.58E+12,817.98,0.04,0.74,1045.96,3,2.19
428,504.89,410.85,16.49,5.21,3.43,-7.5,-6.69,10.14,7.19,9.65,7.57,11.46,1.47E+11,1.26E+11,19244.66,0.05,1.25,19844.83,2,4.18
429,633.32,513.46,6.56,1.33,2.78,-65.44,-91.62,8.66,6.06,1.12,2.36,1.21,2.49E+11,2.34E+11,3948.4,0,0.45,22777.53,3,12.47
430,149.1,96.54,14.97,10.96,38.94,-5.49,-21.86,4.35,11.15,2.65,9.07,3.12,6.17E+11,5.36E+11,115.48,0.08,0.3,2637.09,3,-3.64
431,215.89,215.89,65.29,,,6.61,-0.66,,1.2,6.54,12.99,11.49,9.32E+11,5.64E+11,193400.79,0,0.45,429783.33,4,25.65
432,527.14,505.28,14.93,,,-4.45,-30.93,14.01,5.84,2.29,6.54,2.65,2.13E+11,1.86E+11,,0,0.35,.,3,0.47
433,320.6,266.15,29.53,14.28,11.03,0.07,29.04,8.16,4.74,8.25,8.29,10.81,9.94E+11,7.67E+11,7800.27,0.14,0.96,7714.15,3,7.11
434,190,110.65,45.73,13.23,11.02,22.05,0.88,5.32,5.48,8.17,7.74,12.29,2.19E+11,1.50E+11,3148.2,0.13,1.05,.,2,1.42
435,123.03,53.67,50.44,27.22,14.46,0.4,-28.51,4.51,5.83,4.23,4.26,6.17,1.32E+11,87988956000,835.54,0.27,0.94,915.14,4,12.18
436,255.16,222.56,34.22,0.02,0.04,5.66,8.62,11.01,3.86,7.03,8.74,9.32,7.76E+11,5.78E+11,341695.75,0,0.77,837790.36,3,11.07
437,97.8,76.64,1362.39,1138.71,62.07,3.73,,9.33,6.29,-4.92,-3.92,-62.73,1.06E+12,72316000000,-41.78,6.92,1.29,-87.38,8,-5.04
438,144.24,144.24,2.69,1.89,77.04,-8.23,-81,,,1,61.74,1.02,3.14E+11,3.06E+11,5338.28,0.02,0.02,72349.93,3,0.67
439,265.1,207.09,40.61,,,-11.72,-49.52,9.45,4.51,1.5,1.6,2.15,2.84E+11,2.02E+11,-552686.74,0,0.94,393853.14,4,-1.18
440,106.06,70.06,67.2,42.63,45.27,2.61,88.84,5.48,3.23,1.73,3.28,3.11,2.61E+11,1.56E+11,147.07,0.31,0.56,180.69,6,-11.99
441,59.96,38.83,451.39,202.92,46.49,118.83,,4.42,5.82,-20.84,-26.43,-86.4,1.51E+11,27356616000,171.94,1.45,0.85,339.19,9,-14.16
442,342.16,251.59,30.03,0.3,0.48,-2.78,-8.87,3.31,2.35,7.02,10.24,9.26,92615269000,71225081000,92753.32,0,0.67,90765.73,2,5.65
443,84.5,77.9,161.19,90.06,65.86,-6.38,,16.13,2.13,-4.06,-8.77,-9.79,1.17E+13,4.47E+12,183.96,0.31,0.44,-22.03,8,10.75
444,89.81,64.18,88.89,49.83,23.6,-7.5,,20.22,8.51,0.67,0.55,1.29,4.39E+11,2.33E+11,107.2,0.1,1.18,213.55,6,4.12
445,291.95,228.06,26.56,1.09,1.05,-15.76,-66.64,10.7,4.01,1.35,0.99,1.83,1.60E+11,1.26E+11,68310.88,0,1.45,.,3,-12.65
446,112.63,90.57,143.98,66.21,31.65,4.3,,8.54,3.04,-4.98,-6.33,-11.84,3.02E+13,1.24E+13,-2023.54,0.17,0.81,-1859.06,7,-5.67
447,430.57,371.73,15.17,,,-25.81,1.29,9.8,8.82,5.71,5.97,6.84,5.25E+11,4.56E+11,,0,0.98,.,2,-4
448,613.71,461.09,12.58,0.2,3.16,-12.54,4.16,5.8,2.96,4.66,6.16,5.51,1.45E+11,1.28E+11,20514.87,0,0.74,.,2,5.16
449,156.82,54.26,68.71,48.83,44.4,0.75,-60.03,1.99,4.68,1.99,2.52,3.69,1.50E+11,89198877000,312.17,0.48,0.81,309.84,5,-4.26
450,62.23,49.78,413.91,334.46,124.49,-10.02,,10.37,3.03,0.63,1.22,3.72,3.19E+11,62080991000,85.51,1.24,0.54,.,8,-8.15
451,211.12,204.82,57.85,50.93,320.78,-25.36,,10.84,4.31,-13.25,-172.04,-21.99,69094619000,43772708000,-104.55,0.03,0.08,-97.84,6,-11.78
452,447.67,392.6,13.61,,,10.78,21.18,13.19,14.28,7.73,12.31,8.79,4.01E+11,3.53E+11,,0,0.61,.,2,7.15
453,421.38,259.36,14.97,,,-38.75,-29.94,2.93,2.54,8.53,17.74,10.07,2.41E+11,2.10E+11,36080.66,0,0.49,35145.59,2,-2.77
454,54.61,47.01,616.45,426.54,166.18,-23.08,,7.59,1.02,-12.48,-34.57,-90.55,59785715000,8344689000,-255.93,4.27,0.39,-425.83,9,-13.6
455,177.27,147.64,38.97,16.6,17.58,11.17,6.56,14.31,5.92,14.86,21.4,20.96,2.87E+13,2.07E+13,4882.43,0,0.65,5132.1,4,13.39
456,52.55,38.93,1097.95,660.71,61.93,-33.33,,7.08,2.92,-17.95,-22.43,-108.31,45783695000,3821849000,-580.59,5.69,0.86,.,9,0.29
457,95.04,66.32,75.4,17.67,11.58,17.24,112.73,11.18,5.68,5.89,4.31,10.94,3.25E+11,1.85E+11,987.8,0.17,1.38,1150.32,4,-1.88
458,360.69,278.79,27.67,6.59,7.34,-17.01,-15.02,5.9,3.65,5.28,8.53,6.85,3.11E+11,2.44E+11,3692.27,0.05,0.61,3449.66,2,3.08
459,126.75,98.31,78.39,29.74,13.18,1.86,-0.5,13.27,6.27,4.7,3.74,8.82,2.02E+13,1.13E+13,743.63,0,1.28,1568.16,4,-3.81
460,120.02,63.49,89.41,62.32,37.18,7.21,,4.7,5.83,-0.75,-0.87,-1.38,1.09E+11,57632536000,9.82,0.4,0.83,869.48,7,8.29
461,2560.15,2505.12,13.16,,,16.07,69.94,10.06,14.58,3.94,29.09,4.54,1.31E+11,1.16E+11,,0,0.12,.,3,20.84
462,198.38,164.78,51.13,21.75,17.9,-19.69,-50.67,7.39,4.27,3.03,3.7,4.96,1.08E+11,71275955000,932.15,0.22,0.86,920.23,5,-10.08
463,931.07,928.93,5.33,,,-23.54,329.41,159.32,9.11,2.19,8.01,2.33,57157206000,54265268000,,0,0.27,.,3,0.03
464,83.8,71.79,176.13,83.39,15.47,34.06,,31.8,6.29,1.67,0.85,4.68,1.64E+11,59268989000,13.35,0.02,1.94,19.62,6,2.09
465,84.27,82.87,439.47,104.46,3.92,0.5,-77.08,315.98,8.09,0.28,0.09,1.25,3.31E+11,61265758000,-451.01,0.07,2.47,562.24,7,52.28
466,120.99,87.27,102.89,50.41,21.58,-1.46,-21.93,10.31,4.05,3.43,3.1,6.93,4.13E+11,2.04E+11,593.64,0.27,1.08,645.8,4,4.42
467,1222.24,1160.37,10.33,,,-6.16,-5.85,12.76,6.13,2.83,6.28,3.14,4.24E+11,3.84E+11,,0,0.45,.,3,0.7
468,59.87,43.58,363.73,235.72,38.06,-5.76,,15.96,10.7,-4.4,-3.46,-20.11,64289391000,13863651000,6,1.03,1.35,.,8,-11.83
469,294.23,259.19,46.9,22.85,18.67,-0.28,-41.69,13.53,2.33,6.27,6.9,9.49,6.50E+11,4.42E+11,182.81,0.07,0.92,604.37,5,-2.18
470,303.41,292.09,16.91,10.11,26.59,-1.46,-34.41,20.17,4.85,1.59,4.69,1.88,1.04E+11,89061524000,122.07,0.1,0.34,3153.94,5,-2.03
471,61.53,42.65,454.01,270.03,59.46,0.42,-0.13,7.88,5.23,1.76,2.05,9.95,3.14E+11,56764589000,85.64,1.58,0.81,139.9,7,12.54
472,271,209.71,24.53,,0.34,9,13.19,9.8,4.28,9.51,9.74,12.05,6.40E+11,5.14E+11,30550.65,0,0.95,36895.94,2,6.58
473,96.27,94.63,231.15,207.13,71.75,76.27,,17.27,171.08,-128.21,-209.68,-269.55,26319196000,7947897000,-590.92,0.15,0.44,-1004.52,9,127.92
474,116.08,99.18,233.55,101.48,34.25,34.09,54.52,14.48,3.59,5.13,4.42,19.4,2.08E+11,62457127000,265.34,0.48,1.16,136.71,6,0.63
475,90.17,88.72,330.13,174.74,47.27,-18.21,,69.8,1.37,-5.43,-6.74,-21.97,2.76E+11,64270397000,-201.95,1.53,0.81,.,9,-1.05
476,252.64,144.4,25.98,10.79,16.25,-12.11,-53.24,3.41,3.09,1.91,2.4,2.54,1.10E+11,87689228000,1429.15,0.11,0.83,1255.84,4,-9.15
477,129.94,84.67,89.39,44.05,19.38,3.8,38.39,7.19,4.67,10.63,8.46,21.36,2.42E+11,1.28E+11,1803.12,0.25,1.21,2413.32,2,7.36
478,107.74,96.39,47.24,15.07,10.45,-2.93,-39.35,26.44,5.64,5.8,5.87,8.49,2.34E+12,1.59E+12,855.13,0.15,0.97,6324.95,3,3.36
479,106.6,101.98,68.82,16.55,11.59,-17.21,29.25,81.75,2.07,5.64,7.57,9.67,1.61E+11,95520073000,3097.11,0.14,0.71,6417.8,4,9.03
480,359.5,305.89,21.49,,,18.93,19.33,13.73,9.29,15.83,13.57,19.35,6.10E+11,5.02E+11,,0,1.08,.,2,17.02
481,666.81,666.81,22.35,0.59,24.54,-18.12,2,,4.32,3.68,26.66,4.55,1.44E+11,1.18E+11,10879.51,0,0.14,12264.66,2,1.61
482,225.96,198.52,80.11,33.45,27.2,1.24,445.86,12.92,2.56,1.13,1.61,2.03,1.28E+11,71009890000,454.58,0,0.7,1092.22,5,0.39
483,232.9,173.55,36.04,21.76,41.93,-6.55,687.3,2.78,2.42,14.36,36.98,19.59,1.45E+11,1.07E+11,269.8,0.14,0.36,304.72,5,16.65
484,122.83,90.88,115.33,54.41,32.88,0.97,26.5,8.91,3.18,3.04,3.79,6.67,5.26E+11,2.44E+11,442.8,0.02,0.8,547.8,5,1.53
485,285.93,243.05,19.99,,,18.09,49.8,16.5,15.89,14.29,14.22,17.28,3.97E+12,3.31E+12,53045.97,0,0.95,59616.86,2,13.54
486,109.72,95.76,92.67,36.75,13.42,8.13,110.1,30.21,6.17,4.12,2.67,7.99,2.91E+11,1.51E+11,650.3,0.21,1.5,975.93,5,6
487,55,24.71,206.8,144.85,64.51,3.58,,4.72,6.43,2.59,3.48,8.05,4.50E+11,1.47E+11,275.7,1.15,0.73,394.33,7,3.6
488,211.33,196.33,116.28,72.27,40.72,-4.08,-26.04,23.48,2.5,3.26,3.96,7.2,2.11E+12,9.75E+11,613.09,0.03,0.83,640.14,4,-2.01
489,102.21,78.44,175.33,140.49,82.57,11.34,183.5,11.04,5.79,3.56,6.12,9.34,6.82E+11,2.48E+11,320.47,0.15,0.54,1176.52,6,17.5
490,161.57,114.02,69.2,51.15,38.56,13.45,-71.48,5.78,3.47,0.61,0.73,1.06,2.82E+11,1.67E+11,31.53,0.28,0.84,-133.1,6,-0.05
491,744.8,658.43,15.95,0.12,0.08,4.88,,10.21,5.1,-1.32,-1.81,-1.52,2.36E+11,2.03E+11,-101142.82,0,0.76,-118787.83,4,-7.17
492,65.45,29.25,121.97,94.08,63.45,-8.8,381.85,5.76,6.33,0.71,0.97,1.8,1.32E+11,59352850000,151.49,0.44,0.75,330.46,6,-4.23
493,105.17,90.94,66.38,42.19,69.9,11.55,-54.12,11.73,4.44,0.54,1.48,0.89,3.17E+11,1.91E+11,164.17,0.24,0.36,363.57,6,0.39
494,94.81,2.86,113.35,93.58,425.17,-8.24,,0.25,7.72,1.59,21.84,2.8,1.12E+11,52648024000,-193.03,0.94,0.06,-239,8,59.13
495,89.81,82.47,141.95,81.86,49.04,36.35,,20.85,2.12,2.36,2.89,6.68,3.59E+11,1.48E+11,24.95,0.75,0.77,11.29,8,13.94
496,192.97,155.15,34.11,20.06,29.83,-6.75,,9.77,3.9,-1.58,-1.97,-2.4,38934573000,29031658000,-413.85,0.2,0.87,-584.38,6,-15.28
497,146.95,146.64,73.4,7.38,5.81,-16.33,141.44,1201.5,4.45,1.11,1.16,2.05,1.02E+12,5.86E+11,925.36,0,1.02,1332.82,4,-10.92
498,121.15,120.96,60.8,,0.09,-17.5,18.52,1855.18,5.96,5.34,3.94,8.66,8.04E+11,5.00E+11,18177.03,0,1.31,.,3,6.84
499,155.63,155.33,109.47,13.59,3.56,-23.44,-69.43,2034.84,4.38,2.01,1.17,4.53,3.34E+11,1.60E+11,1007.81,0,1.83,.,4,-11.63
500,122.05,93.1,101.33,73.65,26.68,-34.46,-32.59,14.11,8.63,2.69,2.1,5.27,2.29E+12,1.14E+12,304.9,0.37,1.24,561.43,5,7.97
501,73.52,72.6,99.89,51.15,51.95,2.1,877.57,388.1,8.61,9.87,17.37,21.06,1.06E+14,5.32E+13,405.03,0,0.55,1038.51,5,6.61
502,897.2,723.8,6.35,,,0.85,-10.15,6.44,4.17,8.1,16.64,8.61,2.36E+11,2.22E+11,,0,0.47,.,2,6.06
503,237.02,133.4,40.97,7.89,2.81,-25.12,,4.75,3.3,-7.74,-8.08,-10.97,53652522000,38058627000,-6139.5,0.08,1.01,-7512.03,6,-10.42
504,713.62,656.78,15.9,,,-7.77,-12.33,9.51,5.1,4.76,21.12,5.57,2.53E+11,2.18E+11,,0,0.22,.,3,3.18
505,45.61,36.66,230.2,161.39,75.38,-21.09,,13.16,4.7,-4.61,-7.24,-15.48,87973696000,26642465000,-122.27,0.86,0.64,-154.66,8,-1.85
506,324.46,240.4,33.18,18.55,10.55,3.74,24.02,9.62,3.27,15.84,9.22,23.27,1.09E+11,82117294000,3070.01,0.12,1.66,3043.78,4,6.84
507,953.22,802.13,6.53,,7.42,-10.84,,4.9,4.16,1.86,4.03,2.05,70437858000,66122587000,21569.47,0,0.48,.,3,-6.99
508,344.59,329.71,24.4,8.08,7.06,-14.39,-39.88,31.67,9.67,6.18,7.07,7.7,3.10E+11,2.49E+11,7786.46,0.08,0.85,11758.19,3,5.09
509,127.52,90.69,126.26,78.59,57.24,-4.61,,4.31,2.03,-0.13,-0.22,-0.29,3.40E+11,1.50E+11,19.87,0.38,0.59,107.72,7,-0.08
510,560.49,353.29,31.77,14.35,10.46,3.22,-35.9,4.75,12.9,4.1,3.91,5.47,1.37E+12,1.04E+12,1732.74,0,1.04,1417.21,3,1.37
511,111.46,77.76,167.87,121.46,71.43,-14.13,,6.15,3.55,6.39,9.11,19.87,2.33E+11,86955855000,460.57,0.35,0.65,478.69,6,18.76
512,292.62,291.53,42.58,0.04,0.07,-6.48,-21.27,266.89,41.59,14.1,18.14,20.67,6.51E+11,4.56E+11,1125261.8,0,0.78,.,2,-0.08
513,122.48,100.98,91.57,43.22,16.42,1.01,2.89,15.76,5.4,2.58,1.91,4.95,4.88E+11,2.54E+11,567.77,0.43,1.31,596.98,6,5.88
514,551.83,525.91,11.37,6.08,48.48,5.18,,24.94,10.47,-0.04,-0.34,-0.04,1.45E+13,1.30E+13,1848.35,0,0.12,9510.74,4,-0.24
515,47.04,43.58,85.25,59.12,113.02,19.12,,26.97,3.06,2.05,8.05,3.67,3.14E+11,1.70E+11,114.04,0.3,0.24,836.74,8,12.44
516,63.44,35.23,236.72,158.07,112.23,13.47,,3.46,3.07,-5.23,-12.74,-17.57,4.64E+12,1.38E+12,-75.17,0.38,0.44,-171.65,10,-15.88
517,55.94,30.83,548.5,467.83,139.61,0.64,,3.14,3.59,-7.26,-14.64,-39.56,3.23E+11,49828774000,4.57,0,0.51,.,9,-4.89
518,92.67,56.05,3155.59,2050.01,289.15,-41.1,,6.09,11.44,50.78,171.83,,4.93E+11,15132914000,-177.11,0,0.31,.,8,-10.63
519,68.78,41.46,110.69,72.41,47.38,4.87,26.21,9.53,11.77,2.52,3.48,5.29,6.41E+12,3.04E+12,522.91,0.14,0.71,1194.62,5,4.42
520,85.7,72.16,294.64,119.96,28.28,4.63,,17.32,2.63,1.04,0.91,4.21,9.84E+11,2.49E+11,182.59,0.96,1.14,225.13,8,-1.14
521,140.12,112.77,,,65.28,-11.61,,7.69,2.49,-17.06,-19.73,,6.39E+11,-64597756000,-698.39,-0.18,0.95,.,9,-16.51
522,123.18,89.7,46.8,28.78,43.27,1.17,-45.54,7.09,4.41,1.88,5.12,2.66,8.39E+12,5.72E+12,757.8,0.14,0.37,912.45,5,0.55
523,150.13,132.32,123.49,46.6,23.73,3.7,,9.79,3.52,1.25,1.56,2.81,1.03E+13,4.59E+12,1037.42,0.1,0.79,663.88,6,1.95
524,135.27,126.17,251.73,88.76,34.46,8.58,,18.81,2.39,-0.28,-0.36,-0.98,1.18E+13,3.36E+12,134.09,0.21,0.77,118.45,7,2.79
525,104.8,104.36,613.9,364.36,50.39,-23.54,,491.65,3.35,-9.26,-9.96,-114.26,5.92E+11,82949049000,-125.23,0.27,1.09,-176.71,9,-25.29
526,179.76,175.86,70.53,12.94,6.33,35.25,,81.14,2.66,0.83,0.56,1.51,59895159000,35122102000,32.1,0.12,1.09,32.1,7,113.48
527,64.21,61.67,,,235.24,-15.08,,10.45,1.93,-41.13,-146.7,,1.31E+12,-3.89E+11,-82.4,-0.24,0.34,-72.13,10,-29.89
528,86.28,75.7,352.54,133.9,22.72,7.19,,22.07,4.71,-1.09,-0.73,-4.79,1.97E+12,4.36E+11,126.04,0.55,1.53,111.33,8,-5.18
529,183.72,130.48,83.54,31.18,32.25,6.19,322.14,3.22,4.25,3.61,5.1,7.17,4.48E+12,2.44E+12,909.83,0.13,0.75,1209.28,5,-9.49
530,98.74,76.69,532.59,71.19,18.54,27.12,,6.9,3.89,1.76,1.81,11.57,1.50E+12,2.37E+11,131.24,0.25,0.9,126.6,6,16.88
531,164.91,148.75,140.93,31.05,15.52,-0.89,-11.68,11.75,2.58,2.22,2.59,5.44,1.26E+13,5.23E+12,747.13,0.02,0.85,1560.44,5,2.24
532,234.22,161.51,65.58,3.87,3.41,14.12,14.08,8.06,5.73,4.89,5.06,8.87,4.73E+11,2.86E+11,8169.01,0,1.01,.,4,-8.92
533,100.49,98.26,182.76,43.39,19.98,7.12,126.18,90.94,5.68,3.99,3.9,12.69,1.29E+11,45786128000,164.7,0.37,1.02,.,7,-0.14
534,50.88,50.88,8.22,7.16,381.1,0.94,,,,-24.19,-1591.81,-25.9,8.81E+11,8.14E+11,342.43,0.03,0.02,-3651.18,4,-24.16
535,108.21,95.46,114.15,53.26,569.17,-77.23,,0.78,0.1,-7.22,-167.19,-15.62,1.62E+11,75554167000,-74.25,0.41,0.05,-75.35,8,-14.6
536,98.6,97.75,475.3,92.67,23.69,8.52,,52.03,0.87,-20.39,-24.94,,2.27E+11,39440516000,-471.26,0.23,1.33,-482.15,9,-55.76
537,77.83,76.52,705.12,69.42,6.28,14.06,,131.55,1.7,-8.8,-5.88,-48.71,5.30E+11,65886716000,367.48,0.21,1.37,367.45,7,19.98
538,133.27,132.2,285.91,96.2,20.04,3.72,39.01,113.85,4.45,5.89,4.49,24.61,7.07E+11,1.83E+11,3104.22,0,1.26,.,7,8.04
539,175.14,125.35,73.1,9.27,9.11,-18.81,,13.66,0.97,-7,-5.91,-12.99,1.00E+11,57885574000,-2850.22,0.06,1.36,.,7,-24.28
540,137.79,124.44,83.69,5.73,3.23,27.5,153.15,19.52,4.56,3.6,3.04,6.18,2.41E+11,1.31E+11,4616.4,0.06,1.1,4576.63,4,17.58
541,127.4,103.73,175.09,104.52,44.3,27.57,,5.79,3.93,1.5,1.76,4.18,2.62E+11,95213234000,108.88,0.35,0.85,135.23,8,0.14
542,120.56,112.54,108.44,50.01,36.37,-9.65,,17.61,3.71,0.16,0.25,0.35,1.52E+12,7.30E+11,12.35,0.1,0.66,278.58,8,-1.03
543,51.33,50.18,414.32,232.26,50.43,-3.86,,46.57,3.9,-2.24,-2.46,-10.83,1.47E+12,2.85E+11,30.67,0.65,0.92,44.32,8,-3.05
544,56.72,48.83,180.23,128.59,65.8,-13.85,-72.75,15.82,2.09,3.78,5.14,14.36,86480981000,30860221000,157.97,1.11,0.76,.,7,-7.05
545,280.55,279.64,31.46,,,8.58,1.07,628.76,4.81,17.28,14.4,22.8,1.03E+12,7.83E+11,,0,1.14,.,2,11.54
546,50.47,46.01,181.35,127.21,108.32,-15.5,74.68,43.68,4.56,2.42,5.79,6.9,4.84E+12,1.72E+12,329.7,0,0.41,.,5,2.16
547,294.75,268.34,30.76,,,14.48,-43.75,21.83,7.39,3.2,2.61,4.16,2.17E+11,1.66E+11,,0,1.2,.,2,4.01
548,303.57,227.28,24.76,0.69,0.5,-3.74,9.22,8.95,5.02,7.29,5.82,9.09,2.23E+11,1.79E+11,76490.66,0,1.22,.,2,5.83
549,308.08,256.91,23.27,7.33,7.1,-12.93,109.89,11.9,2.81,5.29,4.98,6.82,1.04E+11,84527473000,438.05,0.07,1.11,.,3,-7.48
550,128.85,109.55,134.39,99.64,30.19,-2.66,,25.97,8.24,-7.3,-5.77,-16.04,2.88E+12,1.23E+12,222.78,0.04,1.28,244.53,6,-1.8
551,606.9,571.38,15.85,,,-14.92,-1.29,19.11,3.92,5.56,6.26,6.61,2.51E+11,2.17E+11,,0,0.89,.,2,-0.12
552,87.02,61.27,215.19,91.66,13.21,-12.55,569.36,20.32,13.92,1,0.44,3.23,7.70E+12,2.44E+12,218.17,0.28,2.32,233.9,5,-2.27
553,108.16,47.71,183.52,125.14,35.89,10.86,105.11,3.96,9.06,1.35,1.1,3.73,7.00E+11,2.47E+11,271.15,0.8,1.18,257.2,6,8.7
554,130.95,112.89,267.13,159,16.13,-23.17,,26.6,5.16,-8.15,-3.3,-26.97,7.44E+11,2.03E+11,461.09,0.82,2.59,463.67,7,-9.23
555,108.22,83.8,175.06,60.96,9.9,-18.87,219.84,23.11,5.55,10.61,4.05,32.66,1.31E+12,4.78E+11,246.76,0.58,2.77,490.25,6,-10.46
556,97.88,42.93,142.53,105.75,87.86,-27.64,,3.09,4.08,-7.14,-15.91,-16.43,1.31E+12,5.42E+11,-387.46,0.32,0.47,-398.83,8,-6.93
557,87.02,79.77,497.81,159.65,24.42,0.49,,50.33,2.68,-0.17,-0.14,-1.08,1.21E+12,2.03E+11,131.32,0.13,1.26,134.83,8,-12.92
558,144.09,61.01,130.78,73.97,23.97,5.86,202.22,4.45,9.82,0.75,0.52,1.75,4.40E+11,1.91E+11,188.35,0.47,1.43,247.97,5,-0.47
559,122.84,74.43,139.98,108.16,39.4,-6.71,78.34,4.63,4.38,1.53,1.24,3.86,99878539000,41620060000,175.23,0.92,1.28,177.86,6,-7.13
560,153.89,65.95,43.54,25.78,16.12,6.68,-27.97,5.72,21.66,2.24,1.97,3.25,2.53E+11,1.76E+11,657.07,0.2,1.11,575.47,4,4.23
561,65.08,64.61,130.63,100.17,109.68,5,,219.34,1.21,-0.26,-0.7,-0.57,1.65E+11,71610124000,144.51,0.87,0.38,109.5,6,-3.2
562,519.31,349.77,13.87,,,-14.29,64.8,4.77,11.09,3.26,3.56,3.74,40904573000,35921686000,,0,0.9,.,2,4.25
563,134.21,131.97,70.38,68.79,581.65,-14.3,-33.9,18.96,10.67,0.57,8.22,0.98,4.06E+11,2.39E+11,115.04,0.06,0.07,492.85,6,-1.41
564,180,179.66,65.41,1.49,0.94,-16.07,-10.17,1278.47,4.41,3.27,3.1,5.79,1.39E+12,8.41E+11,-269.51,0,1.1,-597.58,5,-8.2
565,124.58,124.58,122.52,,,-4.05,4106.9,,6.92,38.16,13.75,64.92,89394743000,40174107000,291.65,0,4.12,367.27,6,-49.31
566,43.36,13.26,96.88,59.83,56.72,-22.23,,4.03,4.49,-19.21,-33.83,-38.09,59776813000,30361319000,-525.81,0.32,0.63,-293.57,8,-18.77
567,100.3,35.11,62.96,42.29,19.06,3.78,10.53,10.08,73.68,3.75,2.74,6.15,2.91E+12,1.78E+12,665.28,0,1.34,.,4,4.71
568,155.52,143.78,35.54,4.32,16.18,16.38,191.98,11.19,2.38,23.5,39.47,35,43289174000,31938479000,1322.25,0.03,0.54,627.38,4,23.86
569,156.07,144.64,37.26,6.31,5.62,7.33,43.84,48.03,5.8,21.06,16.17,30.02,1.74E+12,1.27E+12,10828.72,0.06,1.24,10837.69,2,10.55
570,140.22,127.12,119.28,88.13,28.9,-35.34,77.86,23.89,8.57,2.92,2.03,6.68,2.62E+12,1.20E+12,298.25,0.17,1.46,106.2,4,-3.09
571,93.39,86.67,31.57,6.02,7.36,-7.57,-59.71,28.14,18.34,0.47,1.53,0.59,4.81E+11,3.65E+11,19.2,0.06,0.31,242.24,4,-2.83
572,68.57,34.42,67.53,28.55,26.93,0.41,,7.81,36.76,-1.15,-1.88,-1.93,2.60E+13,1.55E+13,528.57,0.01,0.62,631.34,5,-2.97
573,17.93,11.44,90.05,43.92,102.56,-1.06,196.31,19.38,28.22,7.23,26.6,14.96,5.41E+12,2.84E+12,350.37,0.04,0.28,497.47,3,-2.34
574,271.01,206.51,24.12,,0.01,8.16,7.69,19.65,11.85,3.85,3.87,4.79,1.51E+12,1.22E+12,8555.48,0,0.98,12144.57,2,3.55
575,102.75,76.35,108.74,53.04,23.26,12.02,215.79,11.64,4.49,12.03,10.47,25.92,1.85E+11,88588138000,144.75,0.42,1.07,1477.4,6,16.43
576,63.79,54.28,82.67,23.54,19.53,5.38,-65.19,16.51,16.51,1.85,5.04,3.02,5.12E+11,2.80E+11,5764.06,0,0.33,.,3,25.3
577,410.6,410.57,17.09,,,0.65,-9.28,10706.24,8.26,10.16,30.42,11.87,2.10E+12,1.79E+12,,0,0.29,.,2,31.98
578,177.16,97.71,161.62,100.26,26,-0.47,-27.76,6.51,49.92,3.98,2.93,10.08,2.21E+12,8.46E+11,3175.78,0,1.26,1834.97,2,17.59
579,91.25,48.65,111.85,78.88,44.4,1.7,,5.81,6.82,1.87,2.29,4.02,2.96E+11,1.40E+11,234.61,0.29,0.81,229.6,6,1.4
580,149.35,59.25,81.58,69.32,74.54,-12.75,,3.4,12.45,-0.06,-0.12,-0.11,7.06E+11,3.89E+11,-51.75,0.21,0.49,1037.03,6,3.82
581,114.86,78.85,52.97,36.02,27.08,0.08,71.37,5.54,4.45,4.49,5.34,6.99,59456867000,38867174000,1036.03,0.33,0.84,1467.95,4,0.88
582,67.49,55.01,158.15,117.18,32.38,-3.11,,16.08,9.17,-6.3,-4.48,-16.26,1.95E+11,75388914000,-173.16,0.84,1.42,-172.95,8,-2
583,533.36,499.21,22.48,,,27.98,10.64,17.63,23.87,30.92,27.05,42.29,3.88E+11,3.17E+11,,0,0.8,.,3,152.86
584,61.29,60.88,122.83,87.08,43.59,16.36,73.32,403.77,6.97,3.85,4.54,8.35,3.08E+11,1.38E+11,334.68,0.47,0.8,542.03,5,13.65
585,201.69,198.2,28.23,,,-2.15,-3.77,164.12,38.63,7.38,7.86,9.7,63067608000,49181600000,,0,0.93,.,3,1.28
586,93.9,93.06,63.82,36.78,19.91,6.85,,556.15,5.69,-0.33,-0.28,-0.55,3.74E+12,2.28E+12,386.17,0.01,1.17,611.72,6,0.65
587,53.8,52.82,141.34,96.3,47.38,18.05,110.03,275.8,7.92,4.92,5.83,11.86,1.75E+12,7.24E+11,100.04,0.15,0.88,127.04,6,-8.22
588,40.57,39.62,283.62,181.54,47.11,2.74,,119.86,6.71,-0.76,-0.74,-2.87,5.02E+11,1.31E+11,186.7,0.99,1.04,195.28,7,-0.78
589,50.18,49.38,368.4,173,36.14,-5.11,,158.13,4.33,-4.39,-4.32,-19.32,80158667000,17113465000,-140.79,1.45,1.06,-158.21,9,-8.49
590,114.6,110.23,148.41,58.77,5.01,21.76,-58.51,196.14,7.87,6.81,1.78,15.65,1.28E+11,51563568000,1614.19,0.29,3.29,1730.56,5,38.19
591,28.59,20.54,991.48,699.17,79.75,-6.27,,27.24,17.48,-2.27,-2.92,-21.26,6.92E+12,6.34E+11,6.67,0.4,0.75,70.03,7,6.85
592,117.15,108.41,76.29,62.5,94.61,13.22,-93.02,35.54,7.81,1.3,3.21,2.98,4.23E+12,2.40E+12,304.33,0,0.42,303.79,6,-4.76
593,32.01,29.07,1565.19,1344.04,89,-12.16,,39.79,14.54,-10.15,-11.36,-124.98,5.85E+12,3.52E+11,-110.44,1.56,0.94,-111.71,10,-9.61
594,48.51,44.03,376.57,300.77,52.9,1.56,-46.59,64.95,19.93,1.26,1.1,5.59,7.71E+11,1.62E+11,78.78,0.65,1.04,102.94,7,22.84
595,239.58,239.5,53.99,44.89,498.47,8.8,,2416.11,186.96,1.08,18.37,1.66,2.74E+11,1.78E+11,194.25,0,0.06,2250.15,6,1.31
596,65.74,50.58,168,157.19,158.8,-11.52,-46.25,15.66,6.94,2.71,7.57,7.18,1.51E+12,5.62E+11,273.22,0.09,0.33,281.5,6,17.05
597,105.39,103.04,159.48,99.74,33.87,4.55,11087.22,53.25,4.39,2.07,1.74,5.45,5.02E+11,1.93E+11,568.51,0.26,1.17,559.13,6,3.86
598,38.83,35.14,157.24,144.21,206.62,4.33,10.09,39.93,23.78,4.45,16.14,11.68,5.46E+11,2.12E+11,419.21,0.12,0.26,419.18,6,10.25
599,3510.7,3510.7,101.22,79.28,618.57,11,,,17.39,-5.17,-93.68,-8.93,3.10E+11,1.54E+11,88.51,0.01,0.05,851.39,7,37.6
600,128.76,90.68,69.56,46.91,32.66,2.61,-17.71,7.72,4.96,6.16,7.21,10.76,3.74E+11,2.20E+11,826.32,0.2,0.84,530.2,3,2.49
601,55.05,40.69,101.12,49.99,11.05,24.83,38.97,52.33,81.52,4.89,2.55,9.13,3.57E+12,1.78E+12,557.68,0.06,1.73,583.66,4,24.08
602,88.4,82.08,109.59,34.94,41.59,168.22,456.57,15.39,3.1,10.88,26.58,21.85,3.42E+13,1.63E+13,-236.72,0.08,0.26,42.06,6,269.44
603,330.78,320.64,40.78,7.54,5.72,-2.07,-70.49,76.46,5.46,2.02,1.77,2.89,3.72E+11,2.65E+11,994.24,0.03,1.15,1096.69,5,-1.89
604,77.72,76.41,67.98,43.03,44.1,-3.5,7.6,360.39,7.56,4.83,8.81,8.1,2.31E+13,1.38E+13,3157.77,0.02,0.54,3251.49,2,1.91
605,77.56,72.08,133.27,78.19,50.51,-2.83,,64.04,5.38,3.14,4.55,7.71,2.42E+13,1.04E+13,235.99,0,0.7,353.21,6,-2.8
606,11.63,11.63,22.17,19.1,160.42,22.14,-21.9,,18.55,1.81,22.47,2.15,3.80E+11,3.11E+11,624.45,0.14,0.08,6991.25,5,1.46
607,239.03,239.03,63.9,31.49,38.59,-22.96,-97.13,4764.5,6.19,4.02,4.74,9.01,89790287000,54784993000,-70.28,0,0.97,-91.42,6,-22.94
608,49.09,43.58,53.23,47.54,169.12,4.6,2321.94,25.9,4.94,56.05,281.89,92.79,1.76E+13,1.15E+13,274.41,0.02,0.12,1527.49,4,453.79
609,140.67,140.67,89.45,,,-7.09,-51.26,,1.53,2.29,3.24,4.04,1.11E+12,5.88E+11,12577.79,0,0.74,50687.29,5,-7.67
610,100.63,100.63,,,13.78,-34.12,,,2.09,-27.93,-27.41,,4.62E+12,-4.31E+11,-9731.65,-1.18,1.07,-12448.1,9,-8.49
611,128.73,128.73,36.32,0.2,10.11,19.77,482.75,,3.85,5.5,6.47,8.02,3.13E+11,2.30E+11,906.9,0,0.88,.,4,-6.05
612,99.78,99.78,105.18,21.2,7.01,-21.89,-43.3,822518.18,3.49,3.8,4.72,7.54,8.55E+11,4.17E+11,6397.54,0.13,0.77,.,6,9.97
613,152.59,152.59,85.88,32.33,21.54,11.94,-59.25,,3.12,0.52,0.64,0.97,2.26E+11,1.21E+11,200.47,0.08,0.82,.,5,0.02
614,919.72,919.72,7,,,87.01,814.09,,8.4,3.03,14.17,3.2,99879541000,93343731000,4053940.32,0,0.21,22270624.19,2,2.52
615,106.61,91.55,40.48,,5.31,10.43,83.95,37.1,12.07,13.9,10.52,20.79,1.37E+12,9.77E+11,6852.88,0,1.3,6959.7,2,2.7
616,287.71,287.02,23.85,0.16,0.21,-4.85,12.74,211.57,6.14,7,8.05,8.59,5.29E+12,4.27E+12,53895.2,0,0.82,93310.73,2,12.04
617,84.22,33.23,114.12,76.51,32.35,1.85,490.24,4.65,8.9,4.09,3.47,9.19,2.08E+11,97369131000,440.35,0.71,1.2,455.02,6,-2.8
618,143.77,131.6,73.48,32.13,18.4,2.6,57.35,18.08,2.86,4.23,4.66,7.25,5.25E+11,3.03E+11,85.34,0.27,0.88,715.76,5,6.71
619,818.41,742.8,9.86,,,-0.98,-62.01,17.86,4.89,1.71,1.71,1.9,1.29E+11,1.17E+11,136369,0,1.02,208977.94,2,-3.07
620,220.26,219.4,63.95,28.39,17.2,-2.9,,422.52,4.13,3.99,4.48,6.23,9.33E+11,5.69E+11,1163.48,0.07,0.83,1216.62,5,16.68
621,78.24,77.92,77.78,49.01,223.66,-1.05,,423.39,20.68,-2.8,-23.11,-4.93,44438648000,24995757000,-204.84,0.13,0.12,-204.84,6,-2.98
622,141.86,134.73,58.46,40.48,68.97,0.49,159.94,22.81,5.67,2.68,7.87,4.07,7.46E+11,4.71E+11,493.6,0.19,0.32,6720.19,5,12.45
623,415.08,339.74,17.15,3.09,4.37,-8.14,573.85,5.46,9.55,3.01,4.36,3.51,1.52E+11,1.30E+11,3132.27,0.03,0.68,3063.16,3,3.58
624,34.09,28.45,903.75,668.72,132.43,-3.18,,25.35,15.58,-1.83,-3.61,-19.07,2.30E+13,2.30E+12,234.06,0.38,0.49,240.57,6,7.6
625,138.33,137.72,27.42,6.49,6.35,-0.58,-6.22,744.25,5.27,1.89,2.35,2.44,7.01E+11,5.50E+11,2006.82,0.06,0.81,2424.65,5,-0.48
626,286.28,269.65,36.64,,1.06,7.15,139.96,18.29,2.26,8.71,10.39,12.31,3.16E+11,2.31E+11,,0,0.82,.,4,3.84
627,111.39,50.15,65.28,30.96,11.67,-22.28,,5.71,6.29,-3.17,-2.55,-5.04,3.04E+11,1.84E+11,-603.88,0.31,1.23,.,7,3
628,417.24,303.65,86.66,36.04,22.71,-24.63,,2.34,2.49,-52.48,-64.14,-95.37,14558906000,7799700000,-5481.12,0,0.61,.,7,104.77
629,778.76,684.86,8.92,0.01,1.13,-13.64,-79.54,8.07,1.47,3.32,7.43,3.66,3.64E+11,3.34E+11,25719.02,0,0.44,41737.94,4,4.72
630,634.32,499.41,16.97,11.15,23.24,-1.59,,3.56,2.86,0.49,0.67,0.64,2.10E+11,1.80E+11,70.27,0.03,0.59,71.59,5,66.78
631,97.62,77.99,42.84,26.38,49.39,686.52,,15.6,6.55,1.03,2.38,1.46,3.43E+11,2.40E+11,589.11,0.14,0.38,3203.84,5,36.41
632,71.02,20.93,120.54,99.62,50.62,-17.01,-93.38,2.71,10.63,0.51,0.57,1.17,2.23E+11,1.01E+11,133.04,0.79,0.96,.,7,-12.11
633,137.37,64.67,104.25,75.96,45.38,-9.03,-39.18,3.56,4.81,2.39,2.78,5.11,2.24E+12,1.10E+12,376.19,0.21,0.91,366.69,5,-10.54
634,68.95,47.18,127.51,70.34,36.13,-12.78,-83.59,9.45,4.88,0.38,0.42,0.9,7.30E+11,3.21E+11,132.7,0.39,0.94,209.1,6,-7.29
635,330.05,272.73,23.02,,0.96,-8.38,198.05,7.15,4.37,5.96,7.83,7.55,8.97E+11,7.29E+11,88449.52,0,0.76,.,2,-0.6
636,131.2,95.11,98.37,72.1,18.28,17.86,38.07,10.72,13.7,12.74,6.74,24.46,8.90E+11,4.49E+11,5355.34,0.72,1.65,5415.03,4,34.96
637,576.1,355.32,15.98,0.49,0.31,-4.09,20.7,4.84,5.05,13.94,11.3,16.22,2.17E+11,1.88E+11,92358.6,0.01,1.18,100071.21,2,10.11
638,179.35,94.77,462.37,319.16,90.02,-4.59,,3.58,3.96,-8.31,-11.75,-64.11,68293126000,12143829000,-140.29,0.12,0.7,.,8,1.18
639,189.82,152.29,112.14,72.75,24.69,-6.23,16.99,14.71,5.14,3.69,2.96,7.76,1.89E+12,8.91E+11,736.47,0,1.21,931.43,4,6.14
640,150.31,139.77,68.53,28.45,14.39,-0.45,25.84,28.17,7.32,4.55,4.88,7.26,1.36E+12,8.06E+11,1496.55,0.03,0.84,2801.54,3,26.36
641,94.88,93.96,120.01,34.12,10.69,-17.95,8.25,490.85,4.68,2.09,1.57,4.87,6.27E+11,2.85E+11,494.98,0.11,1.4,1326.25,5,-8.25
642,105.25,69.86,110.37,37.29,82.44,0.95,,3.89,1.07,-38.17,-112.29,-80.49,16844156000,8006993000,-1306.08,0.09,0.36,398.06,7,-11.91
643,57.65,33.9,295.7,232.3,58.67,,,9.79,6.67,1.9,1.9,7.53,1.35E+12,3.41E+11,278.93,0.57,1,174.7,6,
644,99.4,49.97,130.03,83.21,39.28,-13.43,,5.61,6.18,-4.36,-4.59,-9.76,3.58E+12,1.56E+12,657.99,0.33,0.94,289.36,4,1.33
645,281.39,232.26,32.74,3.4,3.19,7.22,21.23,13.28,13.09,11.11,6.4,16.83,1.56E+11,1.18E+11,7481.76,0,1.41,.,3,60.45
646,644.98,555.17,18.26,3.25,3.56,-6.48,13.06,5.74,8.72,17.84,21.95,21.39,89007793000,75267659000,71152.85,0.03,0.75,2291.54,2,19.85
647,116.49,111.4,161.48,15.11,5.74,-11.39,,41.01,2.67,-3.97,-3.34,-10.97,1.41E+11,54031805000,-3594.92,0.13,1.31,1007.28,7,-16.54
648,417.1,289.53,19.86,,1.71,14.88,-1.28,4.41,4.09,5.03,7.4,6.14,1.42E+11,1.18E+11,-9109.02,0,0.68,.,2,-0.58
649,21.99,18.09,734.4,536.81,133.87,-17.6,,36.14,16.69,-8.55,-15.24,-176.62,1.02E+12,1.22E+11,-49.63,2.4,0.78,32.72,8,-44.26
650,156.67,139.89,162.64,61.12,27.08,91.27,759.95,11.65,2.28,11.53,12.02,26.63,1.48E+12,5.65E+11,1523.96,0.06,0.75,1368,6,77.46
651,606.1,484.15,16.41,1.17,0.99,-4,31.78,13.46,8,12.56,8.07,15.42,96403994000,82816494000,,0.01,1.51,12933.27,1,6.08
652,104.33,85.68,128.27,102.62,30.41,-0.11,-16.4,12.79,8,4.95,3.43,11.28,4.39E+11,1.92E+11,1100.92,0.98,1.35,138.68,5,14.17
653,187.56,153.24,136.72,,19.88,-31.58,206.16,2.71,6.45,9.72,13,31.75,59293463000,25047821000,,0,0.89,.,5,-27.7
654,6.3,6.3,182.77,140.75,495.11,18.77,20.51,,18.31,3.89,39.81,10.78,1.23E+11,43424577000,371.1,0.36,0.09,25.77,6,13.21
655,30.7,10.03,88.37,50.42,30.79,2.87,55.26,17.24,80.14,3.76,4.38,7.01,1.32E+13,7.03E+12,618.27,0.03,0.84,3159.07,3,3.78
656,10.09,3.85,114.81,24.93,628.37,214.55,,1.18,4.69,52.05,2086.97,107.38,5.96E+12,2.77E+12,-7683.26,0,0.02,420.33,8,338.45
657,3.7,3.7,135.58,128.45,1646.86,-16.93,-65.96,,61.43,0.32,9.76,0.74,1.03E+11,43834034000,121.61,0.04,0.03,89.59,6,-0.66
658,118.84,74.5,69.63,32.83,19.2,-7.49,39.67,7.93,9.11,3.83,3.41,6.75,1.02E+12,6.03E+11,2000.97,0.25,1.14,467.11,5,-3.18
659,115.16,89.7,60.48,37.93,34.49,-8.43,-11.16,8.62,4.21,6.39,10.49,9.95,5.91E+12,3.68E+12,1978.04,0.2,0.57,285.35,3,15.6
660,178.6,115.42,45.49,11.35,7.07,-20.95,-8.62,10.81,9.59,7.64,3.34,12.81,2.98E+11,2.05E+11,5133.44,0.1,2.5,2436.66,5,-15.8
661,183.44,149.83,54.16,22.38,13.98,1.74,-1.8,10.79,3.53,7.78,7.45,12.42,2.49E+11,1.61E+11,2245.64,0.22,1.02,455.45,3,5.04
662,174.76,133.46,48.92,6.64,7.21,15.37,41.92,13.51,5.75,13.42,8.45,21.95,3.19E+11,2.14E+11,3431.65,0.02,1.59,8503.97,2,-0.1
663,219.4,180.07,92.1,67.58,72.31,-0.03,39.84,6.39,6.22,4.49,8.44,9.24,1.06E+12,5.51E+11,353.95,0.09,0.54,597.26,5,-1.76
664,28.34,28.34,25.09,20.65,647.53,-0.42,-56.45,,6.31,0.61,23.11,0.76,1.63E+12,1.31E+12,270.58,0.07,0.03,36.98,6,6.7
665,263.14,263.14,10.16,2.41,11.2,-22.77,90.73,,8.84,2.48,18.58,2.7,1.64E+12,1.49E+12,-7433.49,0.02,0.11,567.4,4,39.74
666,327.01,284.52,29.9,1.66,4.14,4.56,-19.04,12.28,3.45,4.19,7.58,5.55,7.55E+11,5.81E+11,21039.07,0,0.55,.,3,-0.4
667,190.41,131,83.2,39.6,21.02,8.89,,7.17,3.69,-1.18,-1.14,-2.1,5.76E+11,3.15E+11,981.11,0.09,1.03,1130.8,6,0.44
668,170.66,170.66,120.17,119.55,1083.36,234.5,,,14.68,0.04,0.74,0.1,60774054000,27602983000,93.34,0.18,0.05,27.46,8,14.54
669,96.71,66.59,214.5,99.65,20.59,49.64,43.69,9.27,4.73,9.33,5.96,29.22,2.66E+11,84627934000,1320.85,0.81,1.4,172.9,5,26.78
670,137.56,105.21,92.71,51,24.68,48.94,-27.41,9.54,6.45,6.59,5.97,13.2,2.29E+11,1.19E+11,578.1,0.2,1.07,549.87,5,5.91
671,19.45,19.45,5.41,4.08,470.53,82.09,,,2.99,-0.16,-38.96,-0.17,2.74E+12,2.60E+12,-2325.82,0.04,0,10.08,7,3.73
672,92.99,90.94,124.87,41.65,14.16,122.13,265.18,96.09,4.63,6.75,4.71,15.42,7.77E+11,3.46E+11,1206.03,0.34,1.36,405.18,4,10.67
673,74.77,63.05,175.68,81,28.41,195.47,27.37,24.02,5.7,1.69,1.49,5.05,2.76E+12,1.00E+12,206.98,0.01,1.12,11223.79,6,2.23
674,182.88,145.97,66.12,42.63,20.36,884.57,322.98,9.98,4.31,3.09,2.46,5.35,1.91E+11,1.15E+11,994.45,0.24,1.27,527.93,5,-1.53
